video_id,title,published_at,views,likes,comments
YCMsDHRATDQ,Love FailureğŸ’” à®…à®²à®ªà¯à®ªà®±à¯ˆà®•à®³à¯ | Auto Kaaran Alapparaigal | Auto Kaaran,2024-09-26T09:30:10Z,62327,6228,167
5ulLt-sxEH8,Panattha Edraa ğŸ˜¡ Kandippa Twist Irukku ğŸ¤£ #autokaaran #comedy #twist #trending,2024-09-25T12:15:00Z,337682,34076,232
Z6YQSEJKc-k,Aiya ku vela irukku ğŸ˜… Kandippa Twist Irukku ğŸ¤£ Just For Fun ğŸ˜…ğŸ¥°ğŸ˜‚ #ttf #comedy #autokaaran #twist,2024-09-21T11:45:02Z,1509372,143444,661
vya8Z41kuLg,Ennada Panringa ğŸ˜‚ Kandippa Twist Irukku ğŸ¤£ Just For Fun ğŸ¥³ğŸ˜‚ğŸ¤£ğŸ¥° #comedy #twist #adah,2024-09-19T11:45:03Z,1554634,222394,1097
a9xZctNWut4,Endra otherğŸ˜… Kandippa Twist Orukku ğŸ¤£ Just For Fun ğŸ¥³ğŸ¤£ğŸ¥° #comedy #twist #trending,2024-09-16T13:45:00Z,417138,41831,153
kfUscwPZ0k4,OH My God ğŸ˜… Kandippa Twist Irukku ğŸ¤£Just For fun #comedy #trending #xpressionsaloon #twist #zoya,2024-09-12T11:45:06Z,2567771,153253,403
GnZSju1as3A,Vinayagar Chaturthi à®…à®²à®ªà¯à®ªà®±à¯ˆà®•à®³à¯ | Auto Kaaran Alapparaigal | Auto Kaaran,2024-09-07T09:30:09Z,337651,18129,236
ekZkFXPvLHA,Wait For End ğŸ˜… Kandippa Twist Irukku ğŸ¤£Sri Surya Pattu center  â˜ï¸ 90422 66666 #comedy #trending ï¿¼,2024-09-06T11:45:03Z,854918,76864,149
hLURK1j33nw,Oru kutty story ğŸ˜… Kandippa Twist Irukku ğŸ¤£ Just for Fun ğŸ˜ğŸ¤£ğŸ¥³ #autokaaran #comedy #trending,2024-09-05T11:45:03Z,666384,83329,132
QVmSt_FIPMs,Humanity Gonna Wrong Way ğŸ˜… Kandippa Twist Irukku ğŸ¤£Just For Fun ğŸ˜…ğŸ¥³ #autokaaran #comedy #trending,2024-09-03T12:30:19Z,2175801,198190,358
DK-036mVC90,Teacher's Day Alaparaigal | Comedy video | Auto Kaaran Alapparaigal | Auto Kaaran,2024-08-30T09:30:09Z,227545,13914,247
U4QmScFZywc,Jandaaa ğŸ˜… Kandippa Twist Irukku ğŸ¤£ Just For Fun ğŸ¥³ğŸ˜… #autokaaran #comedy #twist #trending,2024-08-26T11:45:03Z,967233,111316,531
gFtcfcnMMUM,Trip Plan Alaparaigal | Comedy video | Auto Kaaran Alapparaigal | Auto Kaaran,2024-08-23T09:30:21Z,240264,14130,181
D6BvOKETRbA,Velangum da ğŸ˜‚ Kandippa Twist Irukku ğŸ¤£ Just For Fun ğŸ¥³ğŸ˜…ğŸ¥° #autokaaran #comedy #trending,2024-08-21T12:43:16Z,1436906,128593,262
BfynNyVVHTo,Hi Helo Friends ğŸ˜… Kandippa Twist Irukku ğŸ¤£Just for fun ğŸ˜ğŸ¥° Auto Kaaran,2024-08-16T12:31:26Z,1212366,137194,287
Zk5AE1jE3po,Comment The correct Answer ğŸ˜… Just For Fun ğŸ¥³ğŸ˜ğŸ¥° #autokaaran #comedy #autocomedy #trending,2024-08-14T11:45:02Z,1187127,113726,242
oZDpMLOHHqo,à®¤à®£à¯à®£à®¿à®µà®£à¯à®Ÿà®¿ Alaparaigal | Comedy video | Auto Kaaran Alapparaigal | Auto Kaaran,2024-08-10T09:30:12Z,304167,15879,226
1vj3BQy2Jcw,Yar kitta ğŸ˜… Kandippa Twist Orukku ğŸ¤£just For Fun ğŸ¥³ğŸ¥°ğŸ˜ #autokaaran #trending #comedy,2024-08-07T12:40:01Z,710655,81644,93
frerNZqIQUo,Tag Your Friend ğŸ˜… Kandippa Twist Irukku ğŸ¤£Just For Fun ğŸ¥³ğŸ¥°ğŸ˜…#comedy #autokaaran #trending,2024-08-05T11:55:04Z,1033757,107766,455
lpS76Gvl8CA,à®•à¯à®Ÿà®¿à®•à®¾à®°à®©à¯ Alaparaigal | Comedy video | Auto Kaaran Alapparaigal | Auto Kaaran,2024-08-03T09:30:24Z,591087,25035,431
htJj7-ewnes,Manasachiye illiya da ğŸ¥¹ Kandippa Twist Irukku ğŸ¤£ Just for Fun ğŸ˜…ğŸ˜ğŸ¥³ #comedy #autokaaran #trending,2024-08-01T12:05:02Z,1707253,186985,475
ZRIhqkEIKdM,Aadi Velli ğŸ™ğŸ» Kandippa Twist Irukku ğŸ¤£Just for fun ğŸ˜…ğŸ¥°ğŸ¥³#comedy #autokaaran #trending,2024-07-31T11:46:29Z,837806,89769,144
Bq6NqA20rTc,Tag your Friend ğŸ˜… Kandippa Twist Irukku ğŸ¤£Just for fun ğŸ˜…ğŸ¥°ğŸ¥³#comedy #autokaaran #trending,2024-07-29T11:56:09Z,6168260,403734,1067
Xb_qSD1s0DU,Reels Alaparaigal | Comedy video | Auto Kaaran Alapparaigal | Auto Kaaran,2024-07-26T09:30:11Z,267823,14712,293
2rX-lFmU-ic,Kaapra Gonna wrong way ğŸ˜… Kandippa Twist Irukku ğŸ¤£ Just for Fun ğŸ¥³ğŸ¥°ğŸ˜ #comedy #autokaaran #trending,2024-07-23T12:05:00Z,4147192,369565,582
OHei_Kpy_c4,Aadi à®®à®¾à®šà®®à¯ Alaparaigal | Comedy video | Auto Kaaran Alapparaigal | Auto Kaaran,2024-07-20T09:30:06Z,611052,27224,294
L6cQE0DEuRs,Pochu da ğŸ˜… Kandippa Twist IrukkuğŸ¤£ Just for Fun ğŸ¥³ğŸ¥°ğŸ¤£ #comedy #shortfilm #autokaaran #trending,2024-07-19T12:00:14Z,943967,103142,212
xJcTb1nF8cE,Palakka Thoosam ğŸ˜… Kandippa Twist Irukku ğŸ¤£ Just For Fun ğŸ’¯ğŸ¥°ğŸ¥³ #comedy #autokaaran #twist #trending,2024-07-16T11:45:08Z,754059,66397,119
Uye_N8Ka1xQ,Nanba ğŸ¥¹ğŸ˜­ Kandippa Twist Irukku ğŸ¤£ just for fun ğŸ¥³ğŸ¥° #comedy #autokaaran #trending,2024-07-15T12:35:00Z,842895,82083,166
LVLJ7a2Du4M,à®•à®¾à®¯à¯à®•à®±à®¿ à®•à®Ÿà¯ˆ Alapparaigal  | Comedy video | Auto Kaaran Alapparaigal | Auto Kaaran,2024-07-13T09:30:10Z,347545,15398,173
uC0sIvHbdfA,Happy birthday Pavin Bro â¤ï¸ Love you All ğŸ¥°â¤ï¸ #comedy #autokaaran #trending,2024-07-12T11:45:03Z,882872,108970,2933
UMR19_CAq28,Ondra Inji Venum ğŸ˜… Kandippa Twist Irukku ğŸ¤£ Just for Fun ğŸ¤£ğŸ¥°ğŸ¥³ #comedy #autokaaran #trending,2024-07-10T12:00:35Z,3223263,265318,399
U0GbcHo77Lo,Pothum da ğŸ˜… Kandippa Twist Irukku ğŸ¤£ Just For fun ğŸ¤£ğŸ¥³ğŸ¥° #comedy #autokaaran #trending #twist,2024-07-08T12:15:04Z,1130465,117723,228
YtZrfuLT47M,Bike Service Alapparaigal  | Comedy video | Auto Kaaran Alapparaigal | Auto Kaaran,2024-07-06T09:30:15Z,294689,14880,198
0H2xXvnbhL0,Enna ya kada vachurukka ğŸ¤¬Kandippa Twist IrukkuğŸ¤£ Just For Fun ğŸ¥°ğŸ˜ğŸ¥³ #comedy #autokaaran,2024-07-04T13:15:00Z,2702704,217070,305
RyXNpKlDSNA,Manusanada neengalaam ğŸ¥¹ Kandippa Twiat Irukku ğŸ¤£ Just for Fun ğŸ¤£ğŸ˜ğŸ¥° #comedy #autokaaran #trending,2024-07-02T13:15:03Z,2893394,286795,159
sqLaNvHa2bM,Annan VS Thambi Alapparaigal ğŸ‘¬ğŸ»  | Comedy video | Auto Kaaran Alapparaigal | Auto Kaaran,2024-06-30T09:30:12Z,221722,12127,163
4jTn7SD8TxU,"Good News ğŸ˜ Love you all â¤ï¸ website, link in description , Vote for Autokaaran ğŸ”¥ #comedy #twist ï¿¼",2024-06-29T12:15:00Z,418704,56390,628
XJIVJO1I3Uo,à®Ÿà¯€ à®•à®Ÿà¯ˆ â˜•ï¸Alapparaigal ğŸ˜… PART - 2 | | Comedy video | Auto Kaaran Alapparaigal | Auto Kaaran,2024-06-27T09:30:09Z,319570,13450,112
_afgYtjQB7U,You are our strength ğŸ”¥ Love you All â¤ï¸ #comedy #twist #autokaaran #trending #funny #autokaaranfamï¿¼ï¿¼,2024-06-26T11:45:02Z,392839,37082,131
KY_wykxTTSs,Oru alavu Thaan brÃ³ ğŸ˜… Kandippa Twist Irukku ğŸ˜…ğŸ¥° #comedy #twist #shortfilm #autokaaran #gpmuthu,2024-06-25T12:05:00Z,1413825,92550,215
ka9ly9qSuTQ,Aiyo po he ğŸ¥¹ Kandippa Twist Irukku ğŸ¤£ Just for Fun ğŸ¥³ğŸ¥°ğŸ˜ #comedy #twist #autokaaran #trending,2024-06-22T10:25:22Z,945802,89496,350
xMZYke0653Y,à®‡à®©à®¿à®¯à¯à®®à¯ à®µà¯‡à®£à¯à®Ÿà®¾à®®à¯ à®‰à®¯à®¿à®°à®¿à®´à®ªà¯à®ªà¯ | Road Safety | Ramnad District Police | Short Film | Auto Kaaran,2024-06-22T06:56:24Z,84891,10081,468
xYRTWu7Zp1g,Saloon Kadai Alapparaigal | GP Muthu | Comedy video | Auto Kaaran Alapparaigal | Auto Kaaran,2024-06-21T08:30:15Z,201638,10148,143
QxfAwlzq59g,Mattikitta PanguğŸ˜…Kandippa Twist Irukku ğŸ¤£Just for Fun #maharaja #comedy #twist #trending #kalaiyan,2024-06-18T11:45:02Z,37102926,1652353,1297
s_sqw7Yzowc,Bus Stand Alapparaigal ğŸšŒ| Comedy video | Auto Kaaran Alapparaigal | Auto Kaaran,2024-06-15T09:30:16Z,399621,17146,202
_wJjaaCnXgo,Vida koodathu ğŸ˜…but kandippa Twist Irukku ğŸ¤£ Just for FunğŸ¥°ğŸ¥³ #comedy #autokaaran #gpmuthu #trending,2024-06-12T12:43:57Z,6814244,461205,1412
-pE5fXPHbdo,Driving School AlapparaigalğŸš—| Comedy video | Auto Kaaran Alapparaigal | Auto Kaaran,2024-06-11T11:45:00Z,323976,15105,242
0Zn-17M3sIU,Aduchu NorukkiruvenğŸ˜¡Kandippa Twist IrukkuğŸ¤£Just for FunğŸ¥³ğŸ˜ğŸ¥° #autokaaran #twist #comedy #trending,2024-06-07T11:45:00Z,3671888,346125,460
GsP8QZKKiq8,HOTEL à®…à®²à®ªà¯à®ªà®±à¯ˆà®•à®³à¯ Part - 2 ğŸ¥˜ | comedy video  | Autokaaran18 ğŸ”¥,2024-06-06T11:45:00Z,422293,20193,183
FxF50mpXcXY,Power ğŸ”¥But Kandippa Twist IrukkuğŸ¤£ Just for Fun ğŸ¥³ğŸ¥°ğŸ˜ #autokaaran #comedy #twist #trending,2024-06-05T11:55:35Z,758542,81724,245
hoa7tqRSceQ,Nalla NanbanğŸ˜… Kandippa Twist Irukku ğŸ¤£ just for fun ğŸ¥³ğŸ¥°ğŸ˜ #autokaaran #comedy #twist #trending,2024-06-02T12:20:00Z,834405,84920,279
uwdb5at57Z8,Ne than da nanban ğŸ˜… Kandippa Twist IrukkuğŸ¤£ Just for FunğŸ¥³ğŸ¥° #autokaaran #comedy #twist #trending,2024-06-01T11:45:05Z,865633,80010,164
N3GI7u7jDXs,Election Result Alapparaigal | Comedy video | Auto Kaaran Alapparaigal | Auto Kaaran,2024-05-31T11:45:01Z,136071,7407,130
ZD0afNpGYYY,Thalaivarey ğŸ™ğŸ» Kandippa Twist Irukku ğŸ¤£ Just for FunğŸ¤£ğŸ¥³ğŸ¥° #autokaaran #comedy #twist #trending,2024-05-30T11:55:00Z,1255771,138513,604
qTZ6Q3u4Rrg,Sir Antha OTP ğŸ˜… Kandippa Twist IrukkuğŸ¤£ Just for Fun ğŸ¥³ğŸ˜ğŸ¥° #autokaaran #comedy #twist #trending,2024-05-28T11:45:02Z,1455735,125341,310
oJOMhnmwYmI,Admission AlapparaigalğŸ“• | Comedy video | Auto Kaaran Alapparaigal | Auto Kaaran,2024-05-25T12:00:50Z,260382,12816,219
uUrNVxb74fE,Super College ğŸ˜… Kandippa Twist Irukku ğŸ¤£Just for FunğŸ¥³ğŸ¥°ğŸ˜ #autokaaran #comedy #twist #trending,2024-05-23T12:03:52Z,1016476,107440,154
N9Hlh9I1KcE,Unmai ThothuduchuğŸ¥¹ Kandippa Twist IrukkuğŸ¤£ Just for FunğŸ¥³ğŸ¥°ğŸ˜ #autokaaran #comedy #twist  #trending,2024-05-20T14:15:29Z,957372,95287,445
LGwIQDBugqY,Chennai Poren ğŸ˜… Kandippa Twist Irukku ğŸ¤£ Just For fun ğŸ¥³ğŸ¥°ğŸ˜ #autokaaran #comedy #twist #trending,2024-05-18T11:45:01Z,2648063,237684,122
h7-j1XIw00s,Auto Alapparaigal ğŸ›º | à®ªà®´à¯ˆà®¯ à®¨à®¿à®©à¯ˆà®µà¯à®•à®³à¯ ğŸ˜ | Comedy video | Auto Kaaran,2024-05-17T11:45:03Z,221152,10323,93
eZGzVgOiEKU,Thanks NeyğŸ˜… Kandippa Twist IrukkuğŸ¤£Just for FunğŸ¥³ğŸ¥° #autokaaran #comedy #twist #trending #alaparai,2024-05-15T12:14:49Z,1081780,98929,114
xdALkDVOEAM,Enna ya Hotel Ithu ğŸ˜¡ Kandippa Twist IrukkuğŸ¤£ Just for Fun ğŸ¥³ #autokaaran #comedy #twist #trending,2024-05-13T11:45:03Z,2094991,195509,297
OOLBN4LcRq0,Enna da manda Ithu ğŸ˜… Kandippa Twist Irukku ğŸ¤£ Just for Fun ğŸ¥³ #xpresionsaloon #nagarkovil #trending,2024-05-11T11:45:01Z,1314029,104833,190
__xa7q6R5mc,Maanam poguthu ğŸ˜¡ Kandippa Twist Irukku ğŸ¤£ Just for fun ğŸ¥°ğŸ¥³ #autokaaran #comedy  #twist #trending,2024-05-08T11:49:48Z,1644739,158585,316
j_CkwNsz8j0,12th fail ğŸ¥¹ kandippa Twist Irukku ğŸ¤£ Just for fun ğŸ˜ğŸ¥³ğŸ¥°#autokaaran #comedy #funny #twist #trending,2024-05-06T12:34:59Z,620123,65885,206
n0LLrAzuneY,Result AlapparaigalğŸ“–| Comedy video | Auto Kaaran Alapparaigal | Auto Kaaran,2024-05-04T11:45:05Z,331538,16605,205
_jEsIvZszdE,Enakku payam illa ğŸ˜… Kandippa Twist Irukku ğŸ¤£ Just for funğŸ¥°ğŸ˜ #autokaaran #comedy #twist #trending,2024-05-03T11:45:02Z,1047058,101402,314
KscSiSjkIgw,Enna polappu ğŸ¥¹ Kandippa Twist Irukku ğŸ¤£ Just for funğŸ¥°ğŸ˜#autokaaran #comedy #funny #twist #trending,2024-05-02T11:45:01Z,681365,68439,261
qzZ4c2DfZiU,May 1 ğŸ¥¹ Kandippa Twist Irukku ğŸ¤£ Just for fun ğŸ˜ğŸ¥° #autokaaran #comedy #twist #funny #trending #akï¿¼,2024-05-01T11:45:03Z,1280197,134338,394
TtTKLDy9kjo,Wayanad  ğŸ”¥For more information  +91 7034007888  +91 9744921784 +91 80757 85060,2024-04-30T11:45:03Z,777341,59622,245
rPvJOMzIIPo,Ulaippalar Thinam Alapparaigal | Comedy video | Auto Kaaran Alapparaigal | Auto Kaaran,2024-04-29T11:45:02Z,239594,12077,201
LIwYTGaopwQ,Enna da dei ğŸ˜¡Kandippa Twist Irukku ğŸ¤£ Just for fun ğŸ¥³ğŸ˜ #autokaaran #comedy #twist #funny #trending,2024-04-27T11:45:01Z,1297295,139022,243
i1udU_uxDKQ,Yen da ooduchu ğŸ˜… Kandippa Twist Irukku ğŸ¤£ Just for Fun ğŸ¥°ğŸ˜ #autokaaran #comedy #twist #trending,2024-04-25T12:20:00Z,943535,103132,382
xZwx0bKNJO8,IPL AlapparaigalğŸ| Comedy video | Auto Kaaran Alapparaigal | Auto Kaaran,2024-04-24T11:45:08Z,144720,8808,154
PxLMURfGazc,Ellam pochu yağŸ¥¹ Kandippa Twist Irukku ğŸ¤£ Just for fun ğŸ¥³ğŸ¥° #comedy #twist #autokaaran #trending,2024-04-21T11:30:12Z,804551,92443,181
AqptjdDAqwo,Vote pottingla? ğŸ˜… kandippa Twist Irukku ğŸ¤£ just for fun ğŸ¥³ğŸ˜ğŸ¥° #comedy #twist #autokaaran #trending,2024-04-19T11:50:00Z,1157280,130321,359
ECClvPaYT_4,Juice Kadai AlapparaigalğŸ¥¤ğŸ˜‰ | Comedy video | Auto Kaaran Alapparaigal | Auto Kaaran,2024-04-18T11:45:01Z,601940,26237,297
vJY9F-K0MAg,Enna juice venum ğŸ˜… Kandippa Twist Irukku ğŸ¤£ Just for fun ğŸ¥°ğŸ¥³ #comedy #twist #autokaaran #trending,2024-04-15T12:01:00Z,1443519,153353,438
aI2vrZsf58k,Election AlapparaigalğŸ˜…Kandippa Twist Irukku ğŸ¤£Just for funğŸ¥°ğŸ¥³ #comedy #twist #autokaaran #trending,2024-04-13T11:50:01Z,1113295,120261,525
z4L4DnG6YwM,Happy Ramzan ğŸ˜ Kandippa Twist Irukku ğŸ¤£ just for fun  #autokaaran #trending #comedy #tamil,2024-04-11T05:45:03Z,507475,49238,137
AssAW-66dVc,Ramzan Alapparaigalâ˜ªï¸ğŸ’¥| Comedy video | Auto Kaaran Alapparaigal | Auto Kaaran,2024-04-10T11:45:00Z,194609,10561,159
mkvPTcGFA-A,Over heat ğŸ”¥ Kandippa Twist Irukku ğŸ¤£ Just for funğŸ˜…ğŸ¥°ğŸ˜ #comedy #autokaaran #trending #twist #tamil,2024-04-08T12:40:00Z,1461068,152604,231
7gaoX-68JIk,Election Alapparaigal ğŸ˜‚ğŸ’¥| Comedy video | Auto Kaaran Alapparaigal | Auto Kaaran,2024-04-06T11:45:00Z,461757,22962,669
fDNtumCbrPE,250 Rubbish ğŸ˜… Kandippa Twist IrukkuğŸ¤£ Just for funğŸ¥°ğŸ¥³ #comedy #autokaaran #funny #twist #trendingï¿¼,2024-04-04T11:45:01Z,1076382,122825,320
CM1b_-DdWg4,Wayanad à®µà®¨à¯à®¤à®¾à®šà¯à®šà¯ğŸ¤©ğŸ’¥ | Wayanad Series Ep-1 | Auto Kaaran,2024-04-03T11:30:12Z,89753,4612,62
IAU8royyA_A,Avlo veri ğŸ˜… Kandippa Twist irukku ğŸ¤£ Just for funğŸ˜…ğŸ¥³ğŸ¥° #comedy #autokaaran #funny #tamil #trending,2024-03-31T11:45:01Z,1307836,128711,813
7ncssW5JpCM,Wayanad Series Promo | Auto Kaaran,2024-03-31T04:30:03Z,24143,1804,55
J_Qa4oeqP1A,Super condition ğŸ˜…Kandippa Twist IrukkuğŸ¤£ just for fun ğŸ˜…ğŸ˜ğŸ¥³ #comedy #autokaaran #tamil #trending ï¿¼,2024-03-29T12:30:21Z,1721026,166476,153
G_-lrmMbj-I,à®‰à®´à¯ˆà®ªà¯à®ªà®¾à®²à¯ à®‰à®¯à®°à¯à®¨à¯à®¤ à®¨à®£à¯à®ªà®°à¯ | Auto Kaaran,2024-03-27T11:30:09Z,45265,3320,112
Qkx_FW_CQ8M,IPL Starting prandesss ğŸ˜… Kandippa Twist Irukku ğŸ¤£just forfun #comedy #autokaaran #tamil #trending,2024-03-25T13:11:28Z,833568,99590,240
KPFIsU3g_MM,Sorry da VeluğŸ¥¹Kandippa Twist Irukku ğŸ¤£Just for fun ğŸ¥³ğŸ˜ #comedy #autokaaran #tamil #trending #india,2024-03-24T12:41:03Z,1798480,185041,288
twkkzqTOTkA,School-à®•à¯à®•à¯ Chief Guest-à®† à®ªà¯‹à®±à¯‹à®®à¯ğŸ˜ğŸ¥° | Auto Kaaran,2024-03-23T11:30:13Z,50406,4190,143
BfkMDB95ba8,"Lights, Camera, and IPL Action à®¤à®¾à®©à¯ à®‡à®©à®¿à®®à¯‡ à®¨à®®à¯à®® JioCinema-à®²! #IPLonJioCinemaâ¤ï¸ğŸ",2024-03-22T06:15:00Z,2175844,134972,163
m6S9M9S9kcs,à®µà®¾à®´à¯à®•à¯à®•à¯ˆ à®’à®°à¯ à®µà®Ÿà¯à®Ÿà®®à¯ à®Ÿà®¾ğŸ˜‚ğŸ’¥ | Auto Kaaran,2024-03-20T11:30:13Z,62361,4329,73
AzoZEN1R78M,Vairu vali marunthu ğŸ˜… kandippa Twist Irukku ğŸ¤£ Kust for fun ğŸ˜ğŸ¥³ğŸ¤£ #comedy #autokaaran #trending,2024-03-19T11:45:00Z,2008914,167316,227
pFM7mi0eAns,The best friend ğŸ˜… Kandippa Twist irukku ğŸ¤£ Just for fun ğŸ¥°ğŸ˜‚ğŸ¥³ #comedy #autokaaran #trending #tamil,2024-03-17T11:45:02Z,2057366,218021,491
LefEcu8IZkc,à®¨à®¾à®™à¯à®•à®³à¯à®®à¯ à®•à¯à®´à®¨à¯à®¤à¯ˆà®•à®³à¯ à®¤à®¾à®©à¯ğŸ¤©ğŸ˜‚| Auto Kaaran,2024-03-16T11:30:13Z,70111,4668,91
cfBO_gX2r-w,Nombu kanji ğŸ˜… Kandippa Twist Irukku ğŸ¤£ Just for funğŸ¤£ğŸ¥° #comedy #autokaaran #tamil #trending #india,2024-03-14T13:04:48Z,1064387,110483,335
6njYZtVZXMg,RIP AppathağŸ¥¹ Kandippa Twist Irukku ğŸ¤£ Just for fun ğŸ¥³ #trending #comedy #tamil #india #autokaaran,2024-03-10T12:52:57Z,1801697,179472,326
_idS8MlZ7HQ,à®¤à¯à®³à®šà®¿ à®µà®¾à®šà®®à¯ à®®à®¾à®±à®¿à®©à®¾à®²à¯à®®à¯ à®‡à®¨à¯à®¤ Deepak à®µà®¾à®°à¯à®¤à¯à®¤à¯ˆ à®®à®¾à®±à®®à®¾à®Ÿà¯à®Ÿà®¾à®©à¯  | Autokaaran  | Kodaikanal series,2024-03-09T11:30:16Z,123259,6686,109
tf4X-y_ZG7U,Kodaikanal à®ªà¯‹à®±à¯‹à®®à¯ğŸ˜âœ¨ | Auto Kaaran,2024-03-06T13:06:32Z,186641,10104,215
TcnVRJl7-HY,Subash eh ğŸ¥¹ Kandippa Twist Irukku ğŸ¤£ just for fun ğŸ¥°â¤ï¸ #shorts | Auto Kaaran,2024-03-04T12:00:23Z,2526179,159224,452
eNsWJ1DMr4Y,Uyir natpu ğŸ˜… Kandippa Twist IrukkuğŸ¤£ Annan â¤ï¸Jst for fun ğŸ¥° #shorts #comedy #autokaaran18 #trending,2024-03-01T13:30:28Z,15001852,658393,2831
2Bohuk114h8,à®®à®¾à®¤à¯à®¤à®¿ à®®à®¾à®¤à¯à®¤à®¿ à®¨à®Ÿà®¿à®•à¯à®• à®ªà¯‹à®±à¯‹à®®à¯ğŸ˜‚ğŸ’¥ | Auto Kaaran,2024-02-28T11:45:00Z,136407,7370,100
CFXffum8UgY,School FriendğŸ¥¹Kandippa Twist IrukkuğŸ¤£Just for fun ğŸ¥³ğŸ¥°#comedy #autokaaran18 #trending #tamil #india,2024-02-25T11:50:00Z,2363306,252610,401
EyQ3lofoNV4,à®à®•à®ªà¯à®ªà®Ÿà¯à®Ÿ à®…à®¤à®¿à®šà®¯à®™à¯à®•à®³à¯ à®‡à®°à¯à®•à¯à®•à¯â¤ï¸ğŸ”¥ | Auto Kaaran,2024-02-24T11:45:01Z,90096,5264,118
7PDXvyFoegU,à®®à®©à®¿à®¤à®®à¯ ğŸ¥¹ Kandippa Twist irukku ğŸ¤£ Just for fun ğŸ¥³ğŸ¥° #comedy #autokaaran18 #trending #tamil #india,2024-02-23T11:45:00Z,1913470,182769,644
3sWqxoEsNTg,Panjumittai ğŸ­ Kandippa Twist Irukku ğŸ¤£ just for fun ğŸ¥³ğŸ¥° #comedy #autokaaran18 #trending #tamil,2024-02-22T11:45:00Z,1336031,152294,843
EZLshPT1IlE,Love you Anna â¤ï¸ Full video link â˜ğŸ» #comedy #autokaaran18 #vjtvpugal #trending #funny #tamil #india,2024-02-21T11:45:01Z,478469,60300,181
lUWgkDYUAcU,à®…à®£à¯à®£à®©à¯ -à®•à¯à®•à¯ à®…à®¤à®¿à®°à®Ÿà®¿ SurpriseğŸ¤©ğŸ˜‚ | Auto Kaaran,2024-02-20T11:30:31Z,191137,13675,129
Ic-J6o8yXfk,Mattu Ravi ğŸ˜… Kandippa Twist Irukku ğŸ¤£ Just for fun ğŸ¥³ #comedy #autokaaran18 #trending #tamil #india,2024-02-19T11:45:01Z,5256198,415908,586
WYbKKOIlnKw,Rameswaram To Chennai For single Tea â˜•ï¸(1000KM)ğŸ˜… Full video linkâ˜ğŸ»ğŸ¤£ #comedy #trending #autokaaran,2024-02-18T11:45:01Z,1130235,122878,616
N1YOccjdT0A,Tea à®•à¯à®Ÿà®¿à®•à¯à®• Chennai à®ªà¯‹à®±à¯‹à®®à¯â˜•ï¸ğŸ˜œ | Auto Kaaran,2024-02-17T11:30:17Z,209074,12292,304
WkIOjcuKNp4,Salute sirğŸ˜…Kandippa Twist IrukkuğŸ¤£ just for funğŸ¥°ğŸ¥³ğŸ”¥#autokaaran18 #comedy #trending #tamil #feb14ï¿¼,2024-02-15T11:45:01Z,1584765,153311,121
J447irlEFh8,Highway-à®² Gaming à®…à®²à®ªà¯à®ªà®±à¯ˆà®¸à¯ğŸ˜‹ğŸ”¥ | Auto Kaaran,2024-02-14T11:30:08Z,138379,7540,115
_ujLGjMzveA,Happy lovers dayğŸ˜…Kandippa Twist IrukkuğŸ¤£ just for fun ğŸ¥³ğŸ¥° #autokaaran18 #comedy #trending #feb14 ï¿¼,2024-02-13T12:48:46Z,1027038,121157,563
eLnjqfb46cI,LAL SALAAM Interview |  à®°à®¾à®Ÿà¯à®šà®šà®©à¯ - 2 update | Autokaaran,2024-02-10T11:49:41Z,101888,7897,151
PBE8GQcFAQo,Big fan bro ğŸ˜… kandippa Twist Irukku ğŸ¤£ #lalsalaam #superstar #vishnuvishal #feb9 #tamil #trending,2024-02-09T11:50:05Z,5886612,501733,1005
k3EPWhQ1Tbc,On the Way-à®² Unexpected à®šà®®à¯à®ªà®µà®®à¯ğŸ˜‚ğŸ’¥ | Auto Kaaran,2024-02-07T11:45:02Z,197115,9046,119
zEor2ehquoU,One year completed ï¿¼ğŸ¥¹ Love you all â¤ï¸ Kandippa vlog sirappa panromğŸ™ŒğŸ”¥ #autokaaran18 #trending,2024-02-06T11:45:07Z,1092600,137075,979
1HjAWW6-bYk,Remba perumiya irukku ğŸ¥¹ Kandippa Twist irukkkkkuğŸ¤£ just for funğŸ¥³ğŸ¥° #autokaaran18 #comedy #trending,2024-02-05T14:02:01Z,1327584,140842,358
SECHzoFh3T4,à®‡à®¤à¯‹ à®‰à®™à¯à®•à®³à¯ à®•à¯‡à®³à¯à®µà®¿à®•à¯à®•à¯ à®ªà®¤à®¿à®²à®³à®¿à®•à¯à®• à®¨à®¾à®™à¯à®•à®³à¯ ğŸ™ğŸ» | Auto kaaran 1 year anniversaryğŸ”¥ | Auto Kaaran,2024-02-04T14:13:30Z,37515,1489,136
el55bZm1J58,"Toady ""4/2/24"" Time(6.00 PM)Ku  namma live ğŸ”´ à®‰à®™à¯à®•à®³à¯ à®•à¯‡à®³à¯à®µà®¿à®•à¯à®•à¯ à®ªà®¤à®¿à®²à¯ à®…à®³à®¿à®•à¯à®• à®µà®°à¯à®•à®¿à®±à¯‹à®®à¯ğŸ™Œ #trending",2024-02-04T08:36:59Z,233517,27870,159
Oi8sUq7x7ik,New IPhone user ğŸ˜… Kandippa Twist Irukku ğŸ¤£ just for fun ğŸ¥³ğŸ¥° #autokaaran18 #comedy #trending #tamil,2024-02-02T12:07:14Z,996348,115288,200
f-bcGM0JIc0,à®®à¯€à®©à®µà®°à¯ à®µà®¾à®´à¯à®•à¯à®•à¯ˆ à®‡à®ªà¯à®Ÿà®¿ à®¤à®¾à®©à¯ à®‡à®°à¯à®•à¯à®•à¯à®®à®¾ğŸ¤” | One Day at à®¨à®Ÿà¯ à®•à®Ÿà®²à¯ | Auto Kaaran,2024-01-31T11:45:05Z,267660,11023,114
XzufeOD1Z2k,Yartaiyum sollathinga pleaseğŸ˜…Kandippa Twist IrukkuğŸ¥°just for fun ğŸ¥° #autokaaran18 #comedy #trending,2024-01-30T11:57:22Z,834836,90903,233
Qu1Xa7MIE2c,à®à®²à¯à®²à®¾ Gang-à®²à®¯à¯à®®à¯ à®‡à®ªà¯à®Ÿà®¿ à®’à®°à¯à®¤à¯à®¤à®©à¯ à®‡à®°à¯à®ªà¯à®ªà®¾à®©à¯ğŸ¤£| Auto Kaaran #shorts,2024-01-29T13:00:28Z,400757,28841,49
qHLabmIKG44,Avan porula vachu avaniye seiyanum ğŸ˜… Twist eh ğŸ¤£ just for fun ğŸ¥³#shorts  #autokaaran18 #comedy,2024-01-28T12:14:40Z,1610160,171936,340
x9bqgL4gfFc,à®‡à®²à®µà®šà®®à®¾à®• ( OC ) à®‰à®£à®µà¯ à®šà®¾à®ªà¯à®ªà®¿à®Ÿà¯à®µà®¤à¯ à®à®ªà¯à®ªà®Ÿà®¿?ğŸ˜‹ğŸ¤” Tricks & TipsğŸ˜œ | Auto Kaaran,2024-01-27T11:45:04Z,157393,9260,145
TiOKDtioMCs,ĞĞ°Ñ€Ñ€ÑƒRepublic Day ğŸ‡®ğŸ‡³ But Twist Irukku ğŸ¤£ just for fun ğŸ¥° #autokaaran18 #comedy #india #shorts,2024-01-25T11:54:42Z,1057226,130154,299
iM8XPnRF2pE,90s à®¤à®¿à®°à¯à®µà®³à¯à®³à¯à®µà®°à¯ à®…à®±à®¿à®µà¯à®°à¯ˆà®•à®³à¯ ğŸ˜… | interview with natureï¿¼ ğŸŒ¿ | Autokaaran18 ğŸ”¥ï¿¼,2024-01-24T11:45:04Z,77110,4955,85
J-yb11iTYUE,Neya ? Nana? ğŸ˜… Kandippa Twist Irukku ğŸ¤£ just for fun ğŸ¥³ğŸ¥° #autokaaran18 #comedy #trending #waste,2024-01-23T11:50:26Z,685903,77261,185
vG_K6KS4JuU,Modi Ji visiting Dhanuskodi ğŸ‡®ğŸ‡³ï¿¼| Dhanuskodi à®ªà®¯à®£à®®à¯ğŸï¸ | Ramsethu | Autokaaran vlog ğŸ”¥,2024-01-20T11:45:07Z,125998,7530,185
6AiTB0b6FOE,Presavathukku ilavasam ğŸ˜… Kandippa Twist Irukku ğŸ¤£ Just for fun ğŸ¥³ğŸ¥° #autokaaran18 #comedy #trending,2024-01-19T12:04:33Z,1360087,144854,496
6Dzc4_nfRXw,Madupidi veeran ğŸ˜…Kandippa Twist Irukku ğŸ¤£ Happy maattu pongal ğŸ„ ğŸ¥³ #autokaaran18 #comedy #trending,2024-01-16T06:26:59Z,1195676,131029,215
nAv-FxAaXCk,Autokaaran OFFICE Pongal ğŸ¥¥ | Happy Pongal ğŸ‹| Autokaaran18 ğŸ”¥,2024-01-15T05:30:17Z,175512,8687,192
rUeP604Y-lk,Happy Pongal to all ğŸ˜… Public reaction ğŸ˜‚ just for fun ğŸ¥³ #autokaaran18 #comedy #trending #pongal ï¿¼,2024-01-14T11:47:53Z,3065840,281796,661
VAZJNlqb35w,Punniya moorthi ğŸ˜… Kandippa Twist Irukku ğŸ¤£ just for fun ğŸ¥³ #autokaaran18 #comedy #trending #tamil,2024-01-12T11:55:42Z,2084083,180034,240
lnUZInEF9ig,IT office la than vela ğŸ˜… Kandippa Twist Irukku ğŸ¤£ just for fun ğŸ¥³ #autokaaran18 #comedy #trending,2024-01-10T12:01:47Z,884067,93610,228
X_ZpkyQ8tbg,Pappa ğŸ˜… Kandippa Twist Irukku ğŸ¤£ Just for fun ğŸ¥³ #autokaaran18 #comedy #trending #tamil #india,2024-01-08T11:49:23Z,1497319,128304,353
LhlmbgpG7Vw,HOTEL à®…à®²à®ªà¯à®ªà®±à¯ˆà®•à®³à¯ ğŸ¥˜ | comedy video  | Autokaaran18 ğŸ”¥,2024-01-06T11:45:02Z,1364403,50961,339
ZIJEe_FI24A,Puthusa mala potrukken ğŸ˜… Kandippa Twist Irukku ğŸ¤£ Full video linkâ˜ğŸ»ğŸ”¥ #autokaaran18 #comedy #trend,2024-01-04T12:12:00Z,1773396,169782,278
eW6QYKDjWUI,Happy new year to all ğŸ˜… Full video link â˜ğŸ» ğŸ”¥ just for fun ğŸ¥³ğŸ¥° #autokaaran18 #comedy #trending,2023-12-31T11:45:04Z,1023828,106225,272
U-_TZXI0DKw,NEW YEAR à®…à®²à®ªà¯à®ªà®±à¯ˆà®•à®³à¯ ğŸ’¥ | Comedy video | Autokaaran18 ğŸ”¥,2023-12-30T11:45:01Z,302197,15741,274
PkxW1J1L24g,Vela kastama irukku ğŸ¥¹ Kandippa Twist Irukku ğŸ¤£ just for fun ğŸ¥³ğŸ¥° #autokaaran18 #comedy #trending,2023-12-27T11:57:41Z,11203053,772192,1370
wc7_x05reik,Wait for end ğŸ˜… Kandippa Twist Irukku ğŸ¤£ just for fun ğŸ¥³ğŸ¥° #autokaaran18 #comedy #trending #tamil,2023-12-25T13:10:20Z,706975,80129,313
360cITsI9BQ,Humanity gonna wrong way  ğŸ˜… Kandippa Twist irukku ğŸ¤£ just for fun ğŸ¥³ #autokaaran18 #comedy #trend ï¿¼,2023-12-24T12:03:57Z,1015629,107052,149
On6Ier8EkME,à®šà®ªà®°à®¿à®®à®²à¯ˆ à®…à®²à®ªà¯à®ªà®±à¯ˆà®•à®³à¯  ğŸ… | Autokaaran Alapparaigal ğŸ˜… | Autokaaran18 ğŸ”¥,2023-12-23T11:45:00Z,465824,19508,249
ljM9UPhv3Ng,Humanity gonna wrong way ğŸ˜… Kandippa Twist IrukkuğŸ¤£ just for fun ğŸ¥³ğŸ¥° #autokaaran18 #comedy ï¿¼,2023-12-22T13:04:21Z,991832,93371,302
Q2ZCrSMCfyc,Donâ€™t use plastic ğŸ˜… Kandippa Twist irukku ğŸ¤£ Full video link â˜ğŸ»Just for fun ğŸ¥³ğŸ¥° #autokaaran18 ï¿¼,2023-12-20T11:53:00Z,743619,72947,174
RYYPfda5NPI,Kanni sami ğŸ˜… Kandippa Twist Irukku ğŸ¤£ Just for fun ğŸ¥³ğŸ¥° #autokaaran18 #comedy #tamil #trending,2023-12-18T12:01:42Z,1190324,117515,311
eZ-4UNehQXI,à®®à®³à®¿à®•à¯ˆà®•à®Ÿà¯ˆ à®…à®²à®ªà¯à®ªà®±à¯ˆà®•à®³à¯ âš–ï¸ | Autokaaran Alapparaigal,2023-12-16T11:45:02Z,810250,34360,314
2P22bwL2NM4,Moya mone ğŸ˜… Kandippa Twist Irukku ğŸ¤£just for funğŸ¥³ğŸ¥° #autokaaran18 #comedy #trending #tamil #friend,2023-12-14T11:54:29Z,1470047,140086,292
rxXciVB6w-o,Wasted ğŸ˜… Kandippa Twist Irukku ğŸ¤£ Just for fun ğŸ¥³ğŸ¥° #autokaaran18 #comedy #tamil #trending,2023-12-12T12:06:05Z,5532467,374699,455
Vw_Fyd0Jobc,Thatamana seigai ğŸ’” Kandippa Twist Irukku ğŸ¤£ Just for fun ğŸ’¯ğŸ¥°ğŸ¥³ #autokaaran18 #comedy #trending,2023-12-10T12:05:21Z,1141412,125431,322
u6KBqkhAimY,Gym Alapparaigal ğŸ‹ğŸ»â€â™‚ï¸ | Autokaaran Alapparaigal ğŸ˜… | Funny video ğŸ¥³ | Autokaaran18 ğŸ”¥,2023-12-09T11:45:04Z,542513,24515,308
_ZoYoX3H_0s,Trending ğŸ”¥ Kandippa Twist Irukku ğŸ¤£ Just for fun ğŸ¥³ğŸ¥° #autokaaran18 #comedy #tamil #india #trending,2023-12-07T11:52:18Z,1839312,206745,1183
OTYBZhchjvc,Ukku ukku ğŸ˜… Kandippa Twist Irukku ğŸ¤£ just for fun ğŸ¥³ğŸ¥° #autokaaran18 #comedy #tamil #trending,2023-12-06T11:51:41Z,1205303,102381,158
w7AMFroKxGo,Dei mani ğŸ˜… Kandippa Twist Irukku ğŸ¤£ just for fun ğŸ¥³ #autokaaran18 #comedy #tamil #trending #india,2023-12-04T11:55:04Z,1625905,171484,296
yjy18nAIqgw,Puyal Alapparaigal ğŸ˜… Kandippa Twist Irukku ğŸ¤£ just  for fun ğŸ¥³ğŸ¥° #autokaaran18 #comedy #trending,2023-12-03T12:12:19Z,837208,87509,260
b4xsyXo7KNM,1M ï¿¼Celebration ğŸ¥³ | Autokaaran Samiyal ğŸ˜…| ï¿¼ village Cooking Channel style  ğŸ¥™ | Autokaaran18 ğŸ”¥,2023-12-02T11:45:03Z,752136,43631,1076
cdBDIIuCB7A,Ethukku da maala podra ğŸ˜… Kandippa Twist Irukku ğŸ¤£ just for fun ğŸ¥³ğŸ¥° #autokaaran18 #comedy #trending,2023-11-29T12:09:12Z,4130239,325751,939
2hZbKLfmdzM,Nengalum apdi neenachingalla ğŸ˜… Kandippa Twist Irukku ğŸ¤£ just for fun ğŸ¥³ #autokaaran18 #comedy,2023-11-27T11:58:08Z,1133925,125237,273
9ASEqU3XYI8,One million loves ğŸ¥° love you all â¤ï¸ #autokaaran18 #comedy #trending #tamil #india #tamilcreator,2023-11-26T04:00:48Z,1030846,173852,1933
vc2E_4s4ZS0,Hospital Alapparaigal ğŸ©º | Funny Video ğŸ¤£ | Autokaaran Alapparaigal ğŸ¥³ | Autokaaran18ğŸ”¥,2023-11-25T11:45:03Z,257468,13212,171
Z53xUMEhnN4,Mutta kalappanga da ğŸ˜… Kandippa Twist Irukku ğŸ¤£ just for fun ğŸ¥³ #autokaaran18 #comedy #trending,2023-11-24T12:01:05Z,1645415,148513,425
_S-IAhiGq3Q,Idithaangi nanban ğŸ˜… Kandippa Twist Irukku ğŸ¤£just for fun ğŸ¥° #autokaaran18 #comedy #trending #india,2023-11-23T12:22:07Z,1190356,127593,235
g9Em8Mb3cqI,Humanity go to wrong way ğŸ˜… Kandippa Teist Irukku ğŸ¤£ #autokaaran18 #comedy #trending #tamilï¿¼ #india,2023-11-20T11:47:09Z,1380431,133065,303
smqlsDKR9bo,Cricket Alapparai ğŸ˜… Kandippa Twist Irukku ğŸ¤£ Just for fun ğŸ¥³ğŸ¥° #worldcup #comedy #trending #cricket,2023-11-19T04:22:21Z,915436,104120,262
pPeoVfh3yck,Office Tour ğŸ”¥ | Autokaaran Office tour ğŸ¥° | 1st Vlog | Autokaaran18 ğŸ”¥,2023-11-18T11:45:04Z,295802,12785,145
HSQ0Z1rhQ3w,TV oodala ney ğŸ˜… Kandippa Twist Irukku ğŸ¤£ just for fun ğŸ¥³ğŸ¥° #autokaaran18 #comedy #trending #india,2023-11-17T11:56:14Z,1415729,148294,393
M3WpO7I_v5A,Enga da ava ğŸ˜…Kandippa Twist Irukku ğŸ¤£ just for fun ğŸ˜…ğŸ¥³ğŸ¥° #autokaaran18 #comedy #funny #trending,2023-11-15T12:02:41Z,1563021,164048,305
GkG9XwaBUOU,Humanity gonna wrong way ğŸ˜… Kandippa Twist Irukku ğŸ¤£ wasted ğŸ¤£ #autokaaran18 #comedy #trending ï¿¼,2023-11-13T12:44:32Z,1278272,128251,561
zns1eEWTeU8,à®ªà®à¯à®šà®¤à®¨à¯à®¤à®¿à®°à®®à¯ Full VERSION ğŸ”¥| Short flim ğŸ¥³ | COMEDY VIDEO ğŸ¤£ | Autokaaran18ğŸ”¥,2023-11-12T11:45:02Z,631384,21799,456
Tg50plVupxk,Deevali joke ğŸ˜…Kandippa Twist irukku ğŸ¤£ Happy diwali to all ğŸ¥³ğŸ”¥â¤ï¸ğŸ™Œ #autokaaran18 #comedy #trending,2023-11-11T11:49:43Z,2729180,247486,710
JDidLjNRl90,"Our new menswear open â¤ï¸ 10/11/2023 , 6AM to 8AM , welcome to allğŸ¥° , Pamban Railway feeder roadğŸ¥°ğŸ¥³",2023-11-09T06:26:50Z,2238814,275592,3906
0ER5rm_ebFo,Madura veeran part-9 ğŸ˜… kandippa Twist irukku ğŸ¤£ just for fun ğŸ¥³ğŸ¥° #autokaaran18 #comedy #trending,2023-11-07T11:52:17Z,1181759,131548,277
SM7_wRU5tN4,Purunchavanga mattum comment pannungağŸ˜… Twist Irukku ğŸ¤£ just for fun ğŸ¥³ #autokaaran18 #comedy #tamil,2023-11-05T11:54:57Z,2534102,203882,525
cUilg13Td4w,Silon uh ğŸ˜… Kandippa Twist Irukku ğŸ¤£ World Cup alapparai ğŸ¥³ğŸ¤£ #autokaaran18 #comedy #tamil #trending,2023-11-04T12:48:53Z,1605197,152367,443
zf7NozOPoVs,Konjam kastam than ğŸ˜… Kandippa Twist Irukku. ğŸ¤£ just for fun ğŸ¥³ #autokaaran18 #tamil #trending,2023-11-03T11:59:06Z,1026343,110429,286
h0NUvT6_ZJk,Mutti vali sirğŸ˜… Kandippa Twist IrukkuğŸ¤£ just for fun ğŸ¤£ #autokaaran18 #comedy #trending #india,2023-11-02T11:59:15Z,1465272,148684,370
BRAxerZVwuE,Mama ku kolantha poranthuruku ğŸ˜… Twist irukku ğŸ¤£ Just for fun â¤ï¸ #autokaaran18 #comedy #trending,2023-10-31T11:53:20Z,2508861,252695,432
jHz3oGeJhSY,Vala vala nu pesatha ğŸ˜… Kandippa Twist Irukku ğŸ¤£ psycho ï¿¼comes ğŸ˜…ğŸ¤£ Just for fun ğŸ¥³ #autokaaran18,2023-10-30T12:13:03Z,1983899,174090,190
PVy4yfjBRA0,à®ªà®à¯à®šà®¤à®¨à¯à®¤à®¿à®°à®®à¯-5 ğŸ”¥ | final part ğŸ˜… | panjathanthiram ğŸ¤£ | Autokaaran18 ğŸ”¥,2023-10-28T11:45:02Z,139861,7808,189
hmEQ52F8Arg,Uiyr natpu ğŸ˜… Kandippa Twist Irukku ğŸ¤£just for fun  ğŸ¥³ #autokaaran18 #comedy #tamil #trending,2023-10-27T11:48:43Z,821269,105850,298
rR_wWszC_68,Dindigul bus ğŸ˜…Kandippa Twist Irukku ğŸ¤£ #autokaaran18 #comedy #tamil #trending #india #funny,2023-10-26T11:54:39Z,1827765,176499,542
cgvb6copZKw,Best offers ku Roobai ğŸ”¥ link on First comment ğŸ¥³ #autokaaran18 #tamil #india #trending,2023-10-24T11:57:33Z,498042,38446,111
NM7vcRqUc7M,Happy ayuthapoojai ğŸ˜… Kandippa Twist irukku ğŸ¤£ just for fun ğŸ¥³ğŸ¥° #autokaaran18 #comedy #tamil,2023-10-23T11:47:21Z,2843907,292829,783
oPLQ3WFDcGY,Punniya moorthi ğŸ˜… Kandippa Twist irukku ğŸ¤£ Just for fun ğŸ¥³ #autokaaran18 #comedy #tamil #trending,2023-10-22T06:26:36Z,2861570,236051,374
5LZ7u3Ait-w,à®ªà®à¯à®šà®¤à®¨à¯à®¤à®¿à®°à®®à¯ part _4 ğŸ”¥ | panjathanthiram serious ğŸ¥³| ï¿¼Funny video ğŸ¤£ | Autokaaran18 ğŸ”¥,2023-10-21T11:45:00Z,129407,6657,105
srdZO92wRss,Giveaway ğŸ”¥ first business ğŸ¥¹ love you all â¤ï¸ WhatsApp â˜ï¸ ï¿¼ï¿¼6369-589303 #autokaaran18 #comedy #tamil,2023-10-20T11:50:31Z,494944,58802,1383
Tvv1o-r03rs,Ultra pro thirudanğŸ˜… Kandippa Twist Irukku ğŸ¤£ just for fun ğŸ¥³ğŸ¥° #autokaaran18 #comedy #tamil #leo,2023-10-19T12:19:21Z,4059833,318746,1496
aTFznY8T9wA,Ivan dummy than pola ğŸ˜… Kandippa Teist irukku ğŸ¤£ğŸ¤£ just for fun ğŸ¥°ğŸ¥³ #autokaaran18 #comedy #tamil,2023-10-18T11:54:28Z,5687506,399910,214
uQzuWe0VmNo,Sitthappa ğŸ˜… Kandippa Twist irukku ğŸ¤£ Just for fun ğŸ¥³ğŸ¤£ğŸ¥° #autokaaran18 #comedy #tamil #trending,2023-10-15T12:03:54Z,2152283,218910,353
V_ynP1D-yzA,à®Ÿà¯€ à®•à®Ÿà¯ˆ â˜•ï¸ à®…à®²à®ªà¯à®ªà®±à¯ˆà®•à®³à¯ ğŸ˜… | Autokaaran  à®…à®²à®ªà¯à®ªà®±à¯ˆà®•à®³à¯ ğŸ¤£ | Funny video ğŸ¥³ | Autokaaran18 ğŸ”¥,2023-10-14T11:45:01Z,1052440,35701,287
nRkCmy7KOXY,"Ice uh ğŸ˜… THE TV SHOP ğŸ”¥ â˜ï¸ 9087211100 , 9092009933  #trending #tamil #india #autokaaran18  #comedy",2023-10-13T12:03:18Z,559327,48776,90
c3QhUZg6Hj0,Madura veeran part _ 8 ğŸ˜… Twist irukku ğŸ¤£ #tamil #comedy #autokaaran18 #trending #india,2023-10-12T11:52:08Z,2045762,175946,495
g-hTmLR2AWY,Trending gonna wrong way ğŸ˜… Twist irukku ğŸ¤£ Just for funğŸ¥°ğŸ¥³ #tamil #comedy #autokaaran18 #trending,2023-10-11T12:00:31Z,953130,106644,415
GCXFy2t7MoE,Humanity gonna wrong way ï¿¼ğŸ˜… Twist irukku ğŸ¤£ just for fun ğŸ¥° #tamil #comedy #autokaaran18 #trending,2023-10-09T11:55:41Z,566069,76156,326
_elqfLwCJl4,Theppa kulamğŸ˜… Kandippa Twist irukku ğŸ¤£Just for fun ğŸ¥³ #tamil #comedy #india #trending #autokaaran18,2023-10-08T05:46:46Z,1239182,132215,331
JssadVyBgfA,à®•à®°à¯à®µà®¾à®Ÿà¯à®Ÿà¯à®•à¯à®•à®Ÿà¯ˆ ğŸ¦ˆ à®…à®²à®ªà¯à®ªà®±à¯ˆà®•à®³à¯ ğŸ˜‚ | à®†à®Ÿà¯à®Ÿà¯‹à®•à®¾à®°à®©à¯ à®…à®²à®ªà¯à®ªà®±à¯ˆà®•à®³à¯ ğŸ¤£ | Funny video ğŸ¥³ | AutokaaranğŸ”¥,2023-10-07T11:45:01Z,1255363,42837,317
h8NwHe0fryw,Feeling sad ğŸ¥¹ But Twist irukkuğŸ¤£ğŸ˜… just for fun ğŸ¥³ğŸ¥° #autokaaran18 #comedy #tamil #india #trending,2023-10-06T11:50:03Z,1636338,193877,474
f5W1jikyVtg,Tag the thirudan ğŸ˜… Twist irukku ğŸ¤£ Just for fun ğŸ¥³ğŸ¥° #autokaaran18 #comedy #tamil #india #trending,2023-10-05T11:59:27Z,1201246,115711,203
F3hrfK12p9w,"Sincere friend  ğŸ¤£ Ismart look ğŸ”¥ â˜ï¸ï¿¼ 9787314686 , #trending #tamil #india #autokaaran18 #gadgets",2023-10-04T11:50:41Z,612541,50997,98
TirXOu1q9L4,Oru alavukku than porumai ğŸ˜… Twist irukku ğŸ¤£Just for fun ğŸ¥³ğŸ¥° #autokaaran18 #trending #tamil #comedy,2023-10-02T11:53:27Z,1220845,118722,319
6YaVQK3QZf8,à®¨à¯€à®°à®¿à®©à¯à®±à®¿ à®…à®®à¯ˆà®¯à®¾à®¤à¯ à®‰à®²à®•à¯ â¤ï¸ #trending #tamil #india #tamilnadu #autokaaran18  #water,2023-10-01T12:10:28Z,1482953,162839,1441
mx_1rsFBJd8,MECHANIC SET ğŸ› ï¸à®…à®²à®ªà¯à®ªà®±à¯ˆà®•à®³à¯ğŸ¤£ | Funny video ğŸ¥³ | Autokaaran18 ğŸ”¥,2023-09-30T11:45:03Z,1013373,44240,451
i8bf0TbVGD8,Mama Neeluuu ğŸ˜… Kandippa Twist Irukku ğŸ¤£ #trending #tamil #comedy #india #autokaaran18 #twist,2023-09-29T11:53:41Z,801050,83676,189
uyai_ao4zhg,Uyir natpu ğŸ˜… Twist irukku ğŸ¤£ just for fun ğŸ¥³ #comedy #tamil #trending #india #funny #autokaaran18,2023-09-28T11:52:44Z,4160707,234303,227
6ZwYE10Ujj0,Paal sura ğŸ˜… Kandippa Twist irukku ğŸ¤£ just for fun ğŸ¥³ #trending #tamil #comedy #autokaaran18 #india,2023-09-26T11:50:06Z,1587882,152119,462
cHoegh_X0Tc,Friendship goal ğŸ˜… Twist irukku ğŸ¤£ just for fun ğŸ¥°ğŸ¥³ #comedy  #trending #tamil #india #autokaaran18ï¿¼,2023-09-24T11:54:01Z,1357645,146114,437
19XO2TRMOf0,à®ªà®à¯à®šà®¤à®¨à¯à®¤à®¿à®°à®®à¯ Part - 3ğŸ¤£ | Twist And Fun Always ğŸ¥³ | Purunchavanga pistağŸ˜… | Autokaaran18 ğŸ”¥,2023-09-23T11:45:00Z,125424,7366,149
9JDGM3qng3U,Punniya moorthi ğŸ˜… Twist irukku ğŸ¤£ Just for fun ğŸ¥³ #comedy #tamil #autokaaran18 #trending #india,2023-09-21T11:57:35Z,4105977,354658,200
4DsCKG-fhhc,Thiruttu pilliyar ğŸ˜…Twist irukku ğŸ¤£ğŸ¤£ Just for fun ğŸ¥³ #comedy #trending #vinayagar #autokaaran18,2023-09-19T08:39:32Z,2205113,243709,744
ghFe9Bh4fcc,Kandippa Twist irukku ğŸ¤£ à®šà¯†à®ªà¯à®Ÿà®®à¯à®ªà®°à¯ 20 à®®à¯à®¤à®²à¯...ğŸ¥³à®‰à®™à¯à®•à®³à¯ à®µà®¿à®°à¯à®ªà¯à®ªà®®à®¾à®© à®‡à®°à®¾à®®à®¨à®¾à®¤à®ªà¯à®°à®®à¯ à®®à®¹à®¾à®°à®¾à®œà®¾ğŸ˜ #trending,2023-09-18T11:42:19Z,360302,32336,89
hHhRqPWccns,Oru alavukku than porumai ğŸ˜…Twist irukku ğŸ¤£ just for fun ğŸ¥³ğŸ¥° #comedy #tamil #trending #autokaaran18,2023-09-17T12:01:13Z,1925723,168770,201
gKvLrBK7C3w,à®†à®Ÿà¯à®Ÿà¯‹à®•à¯à®•à®¾à®°à®©à¯ Life story ğŸ”¥ ï¿¼| à®‡à®µà¯à®µà®³à®µà¯à®¤à®¾à®©à¯ à®šà®®à¯à®ªà®³à®®à®¾ ğŸ˜³ | Deepak & Pavin & Team ğŸ”¥ | Autokaaran18 ğŸ”¥,2023-09-16T11:45:05Z,140059,8155,405
d2wf0E-dKPU,Arivali ğŸ¤£Just for fun ğŸ’¯antha sappadu wast aagalaâ¤ï¸saptom #comedy  #trending #india #autokaaran18,2023-09-15T11:50:41Z,1231333,126447,560
TBGTSGjLBYM,Endrum ungalal nangal â¤ï¸ love you all ğŸ¥° Harsha crackers link on first comment ğŸ”¥ #tamil #trending ï¿¼,2023-09-14T11:51:24Z,297672,49699,427
SG0yVpwTtyc,Comment pannunga â¤ï¸Q & A vÃ­deo sooï¿¼nğŸ”¥ love you all ğŸ¥°â¤ï¸ #comedy #tamil #trending #autokaaran18,2023-09-13T12:17:23Z,511520,66503,1393
zoQH56DmhHY,Avasara pattutiye ğŸ˜…Twist uhh ğŸ¤£ just for funğŸ¥³#comedy #tamil #trending #india #autokaaran18 #funny,2023-09-12T11:57:40Z,1640538,163390,183
U3HU4oAXK68,à®ªà®à¯à®šà®¤à®¨à¯à®¤à®¿à®°à®®à¯ part - 2 ğŸ˜… | Video full Twist Uh ğŸ¤£ | video for fun ğŸ¥³ | Autokaaran18 ğŸ”¥ | part -3soon,2023-09-09T11:45:01Z,190743,9983,197
mLACu4jyW44,Unnala enna panna mudiyumo pannitta ğŸ˜…Twist irukkuğŸ¤£ğŸ˜‚ #comedy #tamil #trending #india #autokaaran18,2023-09-08T11:45:03Z,2115840,209051,261
Acp0_F4jQ7E,After my friend bought a new MT-15 ğŸ˜… Twist irukku ğŸ¤£ğŸ˜‚ Just for fun ğŸ¥³ğŸ¥° #comedy #tamil #trending,2023-09-06T12:51:46Z,1901236,185972,295
ejxq8i8ll_0,Master plan ğŸ˜… Twist irukku ğŸ¤£ğŸ’¯ Just for fun ğŸ¥³ğŸ¥° #comedy #tamil #trending #india #autokaaran #fun,2023-09-05T11:35:45Z,1622439,157389,192
KP4W_GPeck0,Phaaaa enna oottu ğŸ˜… Twist irukku ğŸ¤£ğŸ¤£ just for fun ğŸ¥°ğŸ¥³ #comedy #tamil #trending #autokaaran18,2023-09-04T11:54:58Z,1194348,155964,525
U9Jx2LXQToE,Uiyr natpu ğŸ¤£Twist irukku ğŸ¤£ğŸ˜… Just for fun ğŸ¥³ğŸ¥° #tamil #comedy #india #autokaaran18 #trending #fun,2023-09-03T12:10:40Z,2521050,241608,284
K_VIwBvca-g,à®ªà®à¯à®šà®¤à®¨à¯à®¤à®¿à®°à®®à¯ part - 1 ğŸ˜… | puruchavanga pista ğŸ¤£ | vÃ­deo just for fun ğŸ¥³ |  Autokaaran18ğŸ”¥,2023-09-02T12:45:01Z,296465,16141,295
GTWMx3CejxM,Nalla oil ah vangittu va ğŸ˜…Twist irukku ğŸ¤£ #comedy #tamil #funny #india #trending #autokaaran18,2023-08-31T11:56:28Z,9274227,445090,595
pymaflRSSRM,Enna da moraikkira ğŸ¤£ Twist Irukku ğŸ˜‚ Just for fun ğŸ¥³ğŸ¥° #comedy#tamil #trending #india #autokaaran18,2023-08-30T11:51:22Z,2886354,278943,652
Onstl90gaCE,Lift kettathu oru kutthama da ğŸ˜‘ Twist irukku ğŸ˜…ğŸ¤£ Just for fun ğŸ¥³ğŸ¥° #tamil #trending #comedy #india,2023-08-26T12:25:57Z,5725437,334610,946
WeP9qOboLpI,Unna vandi ya kaluva sonnathu oru kutthama da ğŸ˜…Twist ğŸ¤£ #tamil #trending #india #comedy #autokaaran,2023-08-25T11:50:13Z,1861756,163482,263
5K5D_yCWIng,Chandrayaan-3 ğŸ˜… Twist irukku ğŸ˜…ğŸ¤£ sorry â€œMG SQUADğŸ¤ŸğŸ»â€ just for fun ğŸ¥°ğŸ¥³ #chandrayaan3 #trending,2023-08-24T11:45:00Z,645226,68010,313
RwWJkF6I2JE,Twist irukku ğŸ˜… Velai vaippu ğŸ”¥ For more information contact them (Kavis )ğŸ’¥ â˜ï¸8610359735 #trending,2023-08-23T11:45:03Z,363306,32673,63
Bio1VvDIph8,Purunchavanga mattum comment pannunga ğŸ˜… Just for fun ğŸ¤£ğŸ¥³ #tamil #trending #india #autokaaran18,2023-08-22T11:45:00Z,1491334,154673,869
cQHspO2uGFo,Rembaneram nallavan mariye pesuniya daa ğŸ¤£ Twist ğŸ¥³ #comedy #tamil #trending #india #autokaaran18,2023-08-21T11:45:03Z,733594,75937,142
zkOyNXBrJp0,Modanambikkai gonna wrong way ğŸ¤£ Twist uh ğŸ˜…ğŸ¥³ğŸ¥°just for funğŸ¥³ #trending #tamil #india #autokaaran18,2023-08-19T11:45:08Z,1172973,108376,244
kt9qqifet4k,Mapla ivartha satta mattum ennodathu ğŸ˜… Twist uh ğŸ¤£ just for fun ğŸ¥³ğŸ¥° #comedy #tamil #comedy #india,2023-08-17T11:45:06Z,627097,66205,172
NdH9-Vk1txM,Function ragalaigal ğŸ˜… ParaparappuğŸ¤£ Just for fun ğŸ¥³ #tamil #india #trending #autokaaran18 #comedy ï¿¼,2023-08-16T11:45:01Z,1243443,115126,196
e4E0YptQ5Wk,Onnu therucha veliya onnu solrathu ğŸ˜…ğŸ¤£ just for funğŸ¥³ #comedy #tamil #trending #india #autokaaran18,2023-08-14T11:58:15Z,6042231,419486,560
CbDnxdGv6gc,Our first award â¤ï¸Ungalal nangalâ¤ï¸ğŸ™ğŸ»love you all â¤ï¸ #tamil #indian #trending #comedy #autokaaran18,2023-08-13T12:36:47Z,1439771,170460,2076
3mMYmJTam2A,Sorry guys ! Meetup canceled ï¿¼ğŸ™ƒ oru big surprise irukku ğŸ”¥ğŸ¥³ Love you all â¤ï¸ autokaaran18 ï¿¼,2023-08-12T11:45:00Z,112220,7228,208
GrflzaeD1w8,à®•à®¾à®²à¯ à®‰à®Ÿà¯ˆà®à¯à®šà®¿à®Ÿà¯à®šà¯à®šà¯ à®µà¯‡à®•à®®à®¾ à®µà®¾ ğŸ¥¹.. à®“à®Ÿà®¿ à®µà®¨à¯à®¤à¯ à®ªà®²à¯à®ªà¯ ğŸ’¡ à®µà®¾à®™à¯à®•à®¿à®¯ à®†à®Ÿà¯à®Ÿà¯‹à®•à¯à®•à®¾à®°à®©à¯ ğŸ¤£..Shorts collections ğŸ”¥ï¿¼,2023-08-08T11:45:02Z,289997,11070,92
uIg8tFm9XPQ,OC Ride tricks and tips ï¿¼ğŸ˜… Enna da panringa dei ğŸ¤£ â€¦. à®‡à®²à®µà®š à®ªà®¯à®£à®®à¯ à®šà¯‹à®¤à®©à¯ˆà®•à®³à¯ğŸ˜‚ğŸ¤£ Autokaaran18 ğŸ”¥,2023-08-05T11:45:03Z,515636,18387,246
EkdKQC2JBVw,"Mark Anthony ğŸ˜… End ğŸ¥³ Harsha crackers, ğŸ”¥Website link on first comment ğŸ¥³ğŸ’¥ #comedy #tamil #funnyï¿¼ï¿¼",2023-08-03T11:49:28Z,640353,49471,146
opG3OlLnUos,Humanity gonna wrong way ğŸ˜… Twist ğŸ¤£ just for funğŸ¥³ğŸ¥° #comedy #tamil #trending #india #autokaaran18ï¿¼,2023-08-01T11:50:56Z,2142544,211300,685
8wp4sxnJfGY,Karma is boomerang ğŸ¤£ Twist ehhğŸ˜… just for fun ğŸ¥³ #tamil #zomato #trending #india #autokaaran18 ï¿¼ï¿¼,2023-07-31T11:50:56Z,3903022,184090,342
R6bFk991x6I,Madura veeran part 7 ğŸ˜… 1000rs trending ğŸ¤£ just for fun ğŸ¥³ #trending #comedy #tamil #india #auto,2023-07-30T11:52:15Z,2601053,259682,891
TmgWU-Ew4TQ,Zomato à®•à®²à®µà®°à®™à¯à®•à®³à¯ ğŸ˜… à®¨à®Ÿà¯ˆà®®à¯à®±à¯ˆ à®…à®³à®ªà¯à®ªà®±à¯ˆà®•à®³à¯ ğŸ˜ Funny video ğŸ¥³ğŸ¤£  Autokaaran18 ğŸ”¥,2023-07-29T11:45:04Z,852638,32838,432
k3RRClNp59Y,Ethukku Ivan hindi lÃ¡ pesunan ğŸ¤” Twist irukku ğŸ¤£ğŸ¤£ just for fun ğŸ¥³ğŸ¥° #comedy #tamil #trending #india,2023-07-27T11:48:39Z,1313509,134706,309
jH5mJ0kwCmk,Entha payanum illa ğŸ˜… Twist irukku ğŸ¤£ #comedy #tamil #funny #trending #autokaaran18 #india #fun,2023-07-26T11:55:41Z,1868282,180598,354
QpZUmxMJZy8,ï¿¼Wait pannu ğŸ¤£ Enga da irunthu vaaringa ğŸ˜… Telegram channel link on first comment ï¿¼ğŸ”¥ğŸ¥³ #comedy #fun,2023-07-25T11:48:45Z,682258,53058,207
SsHYPDLQXAE,Pullingos Vs Boomer ğŸ˜… ragalai ğŸ¤£ just for fun ğŸ˜‚ #comedy #tamil #india #trending #autokaaran18 #fun,2023-07-24T11:57:03Z,1691301,160698,344
10wWI8_28_Y,Maveeran  X  pasanga (pakkoda ) ğŸ˜… Twist irukku ğŸ¤£ğŸ˜‚just or fun ğŸ˜…ğŸ¥°#comedy #tamil #trending  #fun,2023-07-23T11:50:42Z,2210343,224040,452
7z_DRxZIMlQ,FINANCIER ALAPARAIGAL ğŸ˜… .. Financeier ï¿¼ à®ªà®Ÿà¯à®®à¯ à®¤à¯à®©à¯à®ªà®™à¯à®•à®³à¯ ğŸ’¯ ..FUN FOR EVER ğŸ˜‚ .. Autokaaran18 ğŸ”¥,2023-07-22T11:45:00Z,336582,14365,356
M_d3Mplzn8w,Enga da irunthu varinga deei ğŸ˜‚ Twist ehğŸ¤£ #comedy #tamil #trending #india #autokaaran18 #funnyvideo,2023-07-21T11:53:00Z,1171044,124946,311
jDx4B9_nAxI,Ena da ipdi kelambitinga ğŸ˜‚ MAst app on fire ğŸ”¥ link on first comment ğŸ”¥ # #comedy #tamil #trending,2023-07-20T11:51:17Z,531232,50271,82
G31KUe1sZzw,Palani poganum ğŸ˜‚ Twist irukku ğŸ¤£ just for fun ğŸ¥³ğŸ¥° #trending # #comedy #tamil #india #autokaaran,2023-07-19T11:49:44Z,720381,76980,269
QMl4IsGu_0Y,Enna da ithu Twist uh ğŸ¤£ vera mari ğŸ˜‚ #comedy #tamil #india #autokaaran #trending #tomato #funnyï¿¼,2023-07-18T13:43:55Z,940988,103142,166
t2jFhWC5-yI,Need PC Editor â¤ï¸First comment on google form ï¿¼link ğŸ”¥ love you All ğŸ¥° #comedy #tamil #trending,2023-07-17T11:46:23Z,374311,54418,372
vO6ypGg2YGg,Tag your true friend ğŸ¥¹ Twist ehğŸ¤£ just for fun ğŸ¥³ğŸ˜… #comedy #tamil #trending #india #autokaaran,2023-07-16T11:52:58Z,1772654,193851,640
5-fsjp30WKU,G map Alapparaigal ğŸ˜‚ğŸ¤£ full video link on first comment ğŸ¥³ #trending #tamil #comedy #india #auto,2023-07-16T05:53:52Z,351599,30766,58
InsVXEjuCfA,Google maps à®…à®²à®ªà¯à®ªà®±à¯ˆà®•à®³à¯ ..ğŸ˜… à®šà¯‹à®²à®¿ à®®à¯à®Ÿà®¿à®¨à¯à®¤à®¤à¯ à®†à®Ÿà¯à®Ÿà¯‹à®•à¯à®•à®¾à®°à®©à¯ à®…à®£à¯à®£à®¾à®µà®¿à®±à¯à®•à¯ ..ğŸ¤£ğŸ˜‚ Autokaaran18 ğŸ”¥,2023-07-15T11:45:02Z,454782,20699,351
rG9eG1hs9z4,"Happy birthday pavin ğŸ¥°ğŸ”¥ gift from , The_Royal_frames ğŸ”¥ 8778547700 â¤ï¸ #trending #tamil #autokaaran",2023-07-12T11:49:19Z,765930,118014,2062
4o7gKEfXAFU,"Hair cutting , hair dye, hair spa ğŸ˜‚ğŸ¤£ three in one ğŸ˜ğŸ˜… just for fun ğŸ¥³ #comedy #tamil #trending",2023-07-11T11:47:54Z,606390,68991,156
K6i4WB-AeL0,Twist irukku ğŸ¤£ GPS ON FIREğŸ”¥ link First commentğŸ¥³ #comedy #tamil #trending #gps #india  #autokaaran,2023-07-10T11:50:46Z,626628,70641,267
_a-yjcgHlFg,Rajendran cutting ğŸ¤£Big Twist irukku ğŸ˜‚ just for funğŸ˜‚ğŸ¤£ #comedy #tamil #india #trending #autokaaran,2023-07-09T12:02:06Z,2393673,213198,635
E2hrZEe_jvw,Un kitta thundu kettathu en thappu than da dei ğŸ˜…ğŸ˜‚ just for fun ğŸ¥³ #comedy #tamil #india #trending,2023-07-08T11:54:50Z,2080376,190208,303
TyOkljMqQ88,The big day comming soon ğŸ’¯â¤ï¸ love you all â¤ï¸ #comedy #tamil #india #trending #meetup #autokaaran18,2023-07-07T11:51:52Z,650065,99141,1877
PuirYdYxu7E,Kandippa nenga itha ethirpatthurukka mattinga ğŸ’¯ğŸ˜‚ Twist eh ğŸ¤£ #comedy #tamil #trending #india #fun,2023-07-05T11:50:39Z,1287101,145141,342
-X6XmybZehA,Last la twist irukku ğŸ˜‚ğŸ¤£ channel link on first commentğŸ”¥ #comedy #tamil #india #trending #autokaran,2023-07-04T12:52:01Z,558931,57029,95
oNEo5at4hP4,Athu enna valli da ğŸ˜… plz sollunga ğŸ˜‚ just for fun ğŸ¥³ #comedy #tamil #india #trending #autokaaran,2023-07-03T11:53:25Z,1999767,201436,962
_Qyy1TPR128,Sani ponam thaniya pogatha ğŸ˜‘ Ena da ithu DeiğŸ¤£ğŸ˜‚ just for fun ğŸ’¯â¤ï¸ #comedy #tamil #funny #trending,2023-07-01T11:51:01Z,2603855,245986,460
AjnjDSyEhlw,Enna oru putthisali thanamğŸ˜‚ğŸ˜…ğŸ¤£Engiyo poitta da deiğŸ¤£ #comedy #tamil #funny  #trending #india #fun,2023-06-30T12:43:11Z,3058241,306492,524
hFdCPB6FKd8,Ne varum sunnambu mattum thana sonnağŸ˜…ğŸ˜‚ Twist ğŸ¤£ just for fun #comedy #tamil #trending #india,2023-06-29T12:03:17Z,3482805,310216,757
GU0ZwclfvxE,Remba neram nalla thana da pesuna ğŸ¤£ğŸ˜‚ just for fun ğŸ˜… #comedy #tamil #tranding #india #tamil,2023-06-28T11:54:24Z,1530775,163107,245
gdnH4AYzh-Q,Vara vara Ivan aniyayam thanga mudiyala gağŸ˜‚ğŸ˜… just for fun ğŸ¥³ #comedy #tamil  #india #trending,2023-06-27T11:48:50Z,3434489,293743,508
1VrdjSvIwtE,Mechanical engineer  ğŸ˜‚ Vachan paru Aappu ğŸ¤£ğŸ˜… #comedy #tamil #funny  #tending #autokaaran18 #fun,2023-06-25T11:51:19Z,1933246,182504,153
KHtiOYy0GO0,à®•à®¿à®°à®¾à®®à®¤à¯à®¤à¯ à®•à®¿à®´à®µà®°à¯à®•à®³à¯ à®…à®°à®Ÿà¯à®Ÿà¯ˆğŸ˜…ğŸ˜‚ â€¦ Real life ğŸ’¯ğŸ”¥ â€¦But for funğŸ¥°ğŸ”¥ â€¦ AUTOKAARAN18 ğŸ”¥,2023-06-24T11:30:10Z,313634,13894,221
mKMVFayXogI,Kolaru friend ğŸ˜‚ğŸ˜… just for fun ğŸ˜…ğŸ¥³ #comedy #tamil #funny #trending #india #autokaaran #heart,2023-06-23T11:57:22Z,1146585,121524,382
mvaz7X11GrY,Ithu enna da ï¿¼ AirPods ku vantha sothana ğŸ˜‚ğŸ˜… #comedy #tamil #funny  #autokaaran18 #india #trending,2023-06-22T11:48:24Z,893630,100652,303
JbSaS_fyB9U,699rsï¿¼ğŸ”µ  WalağŸ˜… Reacend insta celebrities ğŸ˜‚ğŸ¤£ just for fun #comedy #tamil #india #trending #auto,2023-06-21T11:59:52Z,711932,78390,136
76hTMCYNkyE,Tag your true friend ğŸ˜…ğŸ˜‚ just for fun ğŸ¥³ğŸ¥°#comedy #tamil #funny #autokaaran #india #trending,2023-06-19T11:54:21Z,816338,97311,191
KumcKNvO9yA,Wasted movement ğŸ˜‚ğŸ˜… just for fun ğŸ¥³ğŸ¥° #comedy #tamil #funny #comedymoments #trending #autokaaran18,2023-06-18T11:50:31Z,1866722,163789,661
13PqkMS9ze8,Khathar nu pervachathu oru kutthama da ğŸ˜ğŸ˜ just for fun ğŸ¥³ #comedy #tamil #trending #fun#autokaaran,2023-06-16T11:49:24Z,1969927,217105,1205
NNCp8JlNoYo,Trending gunna wrong wayï¿¼ğŸ˜…ğŸ˜‚ just for fun ğŸ˜… #comedy #tamil #trending #funny  #autokaaran18  #india,2023-06-14T12:12:30Z,1893793,204643,656
uQcSFarVsoc,Gym boys ğŸ˜…ğŸ˜‚ just for fun ğŸ˜…ğŸ¥³ğŸ¥° #comedy #tamil #trending  #autokaaran  #india  #autokaaran18,2023-06-13T11:53:57Z,1912839,176477,356
S-KVJf0XMlQ,"Erumbu always fire ğŸ”¥ , â€œErumbu â€œ movie on â€œJUNE _16â€ğŸ¥³ #erumbu  #comedy #tamil #trending #funny",2023-06-12T11:52:15Z,465980,52018,101
J_c_wRl9yAg,Humanity gonna wrong way ğŸ˜ğŸ˜‚ğŸ˜… just for fun ğŸ˜… #comedy #tamil #trending #funny #autokaaran18 ï¿¼,2023-06-11T11:49:40Z,1134321,140952,969
oKFbkuI1HbY,Enga irunthu da varinga AdeiğŸ˜‚ğŸ˜… full video link first comment ğŸ”¥ #comedy #tamil #trending  #india,2023-06-11T04:46:41Z,1455872,165127,256
2_Bs9Xxhrbk,New DriversğŸš– Alapparai ğŸ˜…ğŸ˜‚â€¦. ï¿¼ Staring KUMAR UhhhğŸ˜‚ğŸ¤£â€¦. FUN OVERLOAD ğŸ”¥â€¦AUTOKAARAN18 ğŸ”¥ğŸ’¥,2023-06-10T11:30:02Z,956151,39836,688
FB6a_xC8DQc,Ithailunga kettalesolliruppen ğŸ˜‚ğŸ˜… app link on first commentğŸ”¥ #comedy #tamil #trending  #autokaaran,2023-06-09T11:56:09Z,715603,60537,128
lvxHPDSUw8Y,Our new channel ğŸ™ğŸ» link on first comment ğŸ”¥#comedy#tamil #funnycomedy #trending #funny #autokaaran,2023-06-08T11:42:37Z,551250,72358,462
SgFOXkXML_w,"Na kooda ennamo eetho nu nenachen da , AdeeiğŸ˜…ğŸ˜‚ğŸ¤£ #comedy #tamil #funnycomedy #trending #funny",2023-06-07T11:51:25Z,626789,53827,174
nTXQWyAUcbY,Enakkune varuvingala da deiğŸ˜…ğŸ˜‚ğŸ¤£just for fun ğŸ˜ğŸ¥°#comedy #tamil #funnycomedy #trending #autokaaran,2023-06-06T11:47:40Z,1497789,156432,280
K3PHN93mFls,Madura veeran part _5 ğŸ˜‚ KolaruğŸ˜…ğŸ˜‚ #comedy #tamil #trending #funny  #autokaaran #instagram #india,2023-06-05T11:53:08Z,4676316,348993,717
9hZYdIb94OM,Ne nadigan da dei ğŸ˜‚ Nadigan dağŸ¤£ Just for funğŸ˜ğŸ¥³ #comedy #tamil #trending #funny  #autokaaran18,2023-06-04T11:53:42Z,3702170,247040,536
LWH5_ccv3qU,Sangattam jiğŸ˜…ğŸ˜‚ twist ehğŸ˜…ğŸ˜‚just forfu ğŸ˜‚ğŸ˜#comedy #tamil #trending #funny #comedymoments #india,2023-06-03T11:50:12Z,562274,63356,233
0yAyt_Upi78,Wasted moment ğŸ˜…ğŸ˜‚ğŸ˜‚ Twist irukku ğŸ˜…ğŸ˜‚ #comedy #tamil #trending #funny #autokaaran #comedymoments,2023-06-02T11:52:53Z,5047659,235975,697
yMpmyrEj4iw,En pavam summa vidathu dağŸ˜…ğŸ˜‚ just for fun ğŸ¥³ğŸ˜‚ #comedy #tamil #trending #funny #autokaaran #india,2023-06-01T11:50:39Z,17840642,906818,1762
46ublljzHjo,"Most of Indians, emotionalğŸ™ğŸ» ğŸ˜… damaging ğŸ˜ğŸ˜‚Just for funï¿¼ğŸ¥°ğŸ¥³ #tamil #india #comedy #trending",2023-05-31T11:50:14Z,566880,65991,239
SQbxZDsfmvU,Antha ve thana irukkeee ğŸ¥¹â€¦.â¤ï¸ Full video link first comment ğŸ”¥ğŸ’ªğŸ» #tamil #trending #india #comedy,2023-05-31T04:31:01Z,445627,40067,234
BifkI4JJQW4,Ena da pÃ³sukku nu ipdi pÃ©siputtağŸ˜…ğŸ˜‚â€¦ à®¤à®©à¯ à®•à¯ˆà®¯à¯‡ à®¤à®©à®•à¯à®•à¯ à®‰à®¤à®µà®¿ ğŸ’ªğŸ»ğŸ”¥â€¦.. #comedy #tamil #trending #gainr,2023-05-30T11:46:04Z,1187607,106502,160
BtCg08rcHSo,Podu podu ğŸ¥³ğŸ¥³ğŸ¥³ğŸ˜ğŸ”¥ CSKğŸ’ªğŸ»ğŸ”¥ Full video first comment ğŸ¤ğŸ”¥ #comedy #tamil #trending #autokaaran,2023-05-30T04:28:57Z,248519,26872,72
6bBeOkYaDJM,ğŸIPL -à®©à¯ à®ªà¯‹à®¤à¯ â¤ï¸RCBâ¤ï¸ -à®ªà®Ÿà¯à®®à¯ à®¤à¯à®¯à®°à®™à¯à®•à®³à¯ğŸ˜ â€¦.. video only make for fun ğŸ’¯ğŸ˜‚ğŸ˜…...Autokaaran18 ğŸ”¥,2023-05-29T05:20:00Z,253075,14465,298
g4EQfOIMp9g,Tag the IPL (MI) veriyan ğŸ˜‚ğŸ˜… manam eerkkavillai ğŸ˜‚ğŸ˜… #comedy #tamil #trending #india #autokaaran18,2023-05-28T05:21:39Z,1353759,128734,246
ypfhC8ExYhc,Trending going to wrong wayğŸ˜…ğŸ˜‚ğŸ˜ Just for fun ğŸ˜ğŸ˜…ğŸ¥³ #comedy #tamil #funnycomedy #trending #funny,2023-05-27T11:52:43Z,349744,39445,158
QANZmnfzd08,Twist ğŸ˜…ğŸ˜‚Ippadi oru natural weight loss ï¿¼ah ungalukku arimugapadutthuvathil makilchiğŸ”¥| âœ…9677712149,2023-05-26T11:50:53Z,339148,32288,93
iFy2CYhdiFI,This video just for fun ğŸ˜‚ğŸ’¯ğŸ˜ kovapadakoodathu ğŸ˜‚ğŸ˜‚ğŸ˜… #tamil #trending #india #comedy #autokaaran,2023-05-25T11:49:56Z,597427,65821,245
KZsbwOE9GrI,Apo Enakku pasikkum lÃ¡ğŸ˜…ğŸ˜‚ just for fun ğŸ˜…ğŸ˜‚ #tamil #trending #india #comedy #autokaaran #funny,2023-05-24T11:58:56Z,458099,39566,93
eR90roidkk8,Unnala enna panna mudiyumo pannittağŸ˜…ğŸ¤£ğŸ˜‚just for fun ğŸ¥³ #tamil #trending #india #comedy #autokaaran,2023-05-23T11:48:15Z,1448216,152403,202
ZJ9JOtpMkzg,Na Unakku enna da pavam panneğŸ˜…ğŸ¤£ğŸ˜‚ just for fun ğŸ¥³ğŸ˜‚ğŸ¤£ #tamil #trending #india #comedy #autokaaran,2023-05-21T11:53:49Z,1279893,106936,173
z2j53Zf5VFA,Engiyo poitta da deiğŸ˜‚ğŸ¤£ Yar da neğŸ¤£ğŸ˜‚ just funğŸ˜…#tamil #trending #india #comedy #autokaaran #funny,2023-05-20T11:55:50Z,2374461,235542,556
7RNWBwk-nus,ğŸ›ºà®†à®Ÿà¯à®Ÿà¯‹à®µà®¿à®±à¯à®•à¯à®³à¯ à®•à®¿à®šà¯ à®•à®¿à®šà¯ğŸ˜‚BLLPER VIDEOğŸ¤£ğŸ”¥ ..... Comedy onlyğŸ’¯ğŸ”¥ .... fun overload ğŸ˜‚ğŸ¤£....Autokaaran18 ğŸ”¥ğŸ›º,2023-05-20T07:00:02Z,37466,2841,63
ECZpnRzKFkA,Unna than da deiiiğŸ¤£ğŸ˜‚ just for fun ğŸ¤£ğŸ’¯ğŸ¥³ğŸ¥° #tamil #trending #india #comedy #autokaaran #funny,2023-05-19T11:51:40Z,666833,73153,485
SUyPof_vBf0,Power of mobile ğŸ˜‚ğŸ¤£ğŸ˜‚â€¦.Twist irukkuğŸ’¯ğŸ¤£ğŸ˜… just for fun ğŸ¥³ğŸ¥°ğŸ˜‚ #tamil #trending #india #comedy ï¿¼,2023-05-18T11:51:50Z,6044994,390462,803
Jbw-qAgwuYU,Sirappana aal neğŸ˜‚ğŸ¤£ just for fun ğŸ˜…ğŸ”¥ #tamil #trending #india #comedy #autokaaran #funny,2023-05-17T11:57:41Z,3821969,366028,462
FE8a2fQ-5ik,12th results sothanai ğŸ¤£ğŸ˜‚ ..ateias-te eh ğŸ¤£ğŸ˜‚ just for fun ğŸ’¯ğŸ¥³ğŸ¤ #tamil #trending #india #comedy,2023-05-16T11:48:53Z,3271416,247742,493
STPNgjZ77mI,Enna da panni vachurukingağŸ¤£ğŸ˜‚â€¦..just for fun ğŸ¤£ğŸ˜‚ğŸ’¯ğŸ”¥ #tamil #trending #india #comedy #autokaaran,2023-05-15T11:53:08Z,1407469,137404,477
lYYwnP9otAg,Street road sothaniğŸ¤£â€¦Fact ofğŸ’¯ â€¦but just for fun ï¿¼ğŸ˜‚ğŸ˜… #tamil #trending #india #comedy #autokaaran,2023-05-14T12:03:34Z,734642,78252,245
D_wyGZIA1xU,Just for fun ğŸ˜‚ğŸ¤£ â€¦. Full video link on first comment ğŸ”¥ğŸ˜‚ğŸ¤£â€¦ #tamil #trending #india #comedy #funny,2023-05-14T05:19:07Z,166605,16456,51
OHKwUZdYpKA,ğŸ›ºà®†à®Ÿà¯à®Ÿà¯‹à®µà®¿à®±à¯à®•à¯à®³à¯ à®•à®¿à®šà¯ à®•à®¿à®šà¯ğŸ˜‚ğŸ¤£ğŸ”¥ ..... Comedy onlyğŸ’¯ğŸ”¥ .... fun overload ğŸ˜‚ğŸ¤£....Autokaaran18 ğŸ”¥ğŸ›º,2023-05-13T11:45:03Z,83440,5360,271
DoBTgQV9mxQ,Avasara pattutinga broğŸ˜… || Just for fun ğŸ¥³ğŸ¤£ || #tamil #trending #india #comedy #autokaaran #funny,2023-05-12T11:50:21Z,2529879,223174,257
fcaCzEFPyIY,Yar da ne komaliğŸ˜‚ || Royals Institute in Ramnad ğŸ”¥ ||ï¿¼ #tamil #trending #india #comedy #autokaaran,2023-05-12T03:53:51Z,233145,24559,83
IN4CQJhsY24,Tag the Mendel ğŸ¤£ğŸ˜‚ğŸ¤£|| twist ehhğŸ¤£ğŸ”¥ #tamil #trending #india #comedy #funny #autokaaran,2023-05-11T12:22:37Z,606863,60106,131
_51l82DGLH4,à®‡à®¨à¯à®¤ à®¤à®¿à®Ÿà¯à®Ÿà®¤à¯à®¤à®¿à®©à¯ à®®à¯‚à®²à®®à¯ à®®à®¾à®£à®µà®šà¯ à®šà¯†à®²à¯à®µà®™à¯à®•à®³à¯ à®…à®©à¯ˆà®µà®°à¯à®®à¯ à®ªà®¯à®©à®Ÿà¯ˆà®¯à¯à®®à®¾à®±à¯à®…à®©à¯à®ªà¯‹à®Ÿà¯ à®•à¯‡à®Ÿà¯à®Ÿà¯à®•à¯ à®•à¯Šà®³à¯à®•à®¿à®±à¯‹à®®à¯â¤ï¸#trending,2023-05-11T04:46:37Z,186636,25223,173
EEsGbMxeqpo,à®•à¯‹à®Ÿà®¾à®™à¯à®•à®¿ ğŸ˜‚BLOOPERS ğŸ˜‚ || Fun over load ğŸ¤£ğŸ”¥ || Auto kaaran 18ğŸ”¥,2023-05-10T11:45:00Z,94290,4895,79
mlQammspkgM,Avanthanda deiğŸ¤£ğŸ˜‚ ||Tag your friendğŸ¤£ğŸ˜‚||funğŸ”¥ğŸ¥°#tamil #india #trending #comedy #funny #autokaaran,2023-05-09T11:48:42Z,700630,87821,235
L9iObGXH6bE,Yar da neğŸ¤£ğŸ˜‚||Twist eh ğŸ˜‚ğŸ¤£||Ravana koottam ğŸ”¥ MAY_12ğŸ”¥ #tamil #india #trending #comedy #autokaaran,2023-05-08T11:48:40Z,1046034,97912,221
48w0R-olTQ0,Madura veeran Part_4 ğŸ¤£ğŸ˜‚||Twist ehhğŸ˜…ğŸ¤£|| Just for fuğŸ˜…ğŸ¤£ #tamil#india#trending#comedy #autokaaran,2023-05-07T12:20:46Z,4274417,412101,817
GMFbtRgkvvE,à®¤à®¿à®Ÿà¯€à®°à¯†à®© à®†à®Ÿà¯à®Ÿà¯‹à®µà®¿à®±à¯à®•à¯à®³à¯ğŸ›º à®†à®µà®¿ à®ªà®¿à®Ÿà®¿à®•à¯à®•à¯à®®à¯ à®ªà®µà®¿à®©à¯ğŸ¤£ || à®¨à®Ÿà®¨à¯à®¤à®¤à¯ à®à®©à¯à®©?!! ğŸ¤£ || Fun over load ğŸ”¥ğŸ˜‚,2023-05-06T11:45:00Z,408240,17883,375
z7o3kYwD5RI,"Tag the heavy driver ğŸ˜‚ğŸ¤£ Twist uh , just fun ğŸ¥°#tamil #india #trending #comedy #funny #autokaaran",2023-05-05T11:55:08Z,2222646,221904,349
_fjmR_MvwsY,Remba payangaramavara irupparo ğŸ¤” Twist ehhhğŸ¤£ğŸ˜‚ğŸ”¥ #tamil #india #trending #comedy #funny#autokaaran,2023-05-04T11:57:34Z,3671749,356684,1323
3986Tt8AKDU,ğŸ˜‚BLOOPERSğŸ˜‚ || à®µà®¿à®·à®®à¯ à®•à¯à®Ÿà¯à®šà¯à®šà¯à®Ÿà¯à®Ÿà¯‡à®©à¯ PRANK ğŸ˜‚ || The Boys ğŸ”¥ğŸ¤£ || FRIENDS FOREVER ? ğŸ˜‚ğŸ¤£,2023-05-03T11:45:00Z,101958,5544,75
4kvQ9PWw1Ao,Purucha pista ğŸ˜‚ğŸ¤£ Comments pannunga pappom ğŸ”¥ğŸ˜‚ #tamil #trending #india #comedy #autokaaran #funny,2023-05-02T11:47:53Z,505159,56613,204
YU9OQTYFAVs,Delivery part _2ğŸ˜‚ğŸ¤£ AdeiğŸ˜‚ğŸ”¥ Twist uh ğŸ¤£Just Fun #tamil #trending #india #comedy #funny#autokaaran,2023-05-01T11:53:38Z,1463590,146266,179
OZiLCPLnEfs,"Selvam , Thambi Enga da irukka ğŸ¤£ğŸ˜‚ğŸ”¥ just for fun ğŸ”¥ğŸ¤£ #tamil #trending #india #comedy #autokaaran",2023-04-30T11:43:14Z,1040285,107964,515
qYanJqM-QGM,Un kitta address kettathu en thappu than dağŸ¤£ğŸ˜‚ Just funğŸ”¥ğŸ¤£ #tamil #trending #india #comedy #funny,2023-04-30T03:40:01Z,564414,65815,131
Yl3lmZAVyqI,à®µà®¿à®·à®®à¯ à®•à¯à®Ÿà¯à®šà¯à®šà¯à®Ÿà¯à®Ÿà¯‡à®©à¯ğŸ˜… || PRANK GONNA WRONG WAYğŸ¤£ğŸ˜‚ || FRIENDS Reactions ğŸ¤£ğŸ˜‚ğŸ˜‚ || Twist uh ğŸ”¥,2023-04-29T11:45:02Z,351395,19023,371
1Z6dyPwemoA,Finally Vijay Sir ah patthachu ğŸ¥°ğŸ”¥ğŸ¥³ LEO ğŸ”¥ #tamil #trending #india #comedy #funny #autokaaran,2023-04-28T11:46:16Z,811254,93737,205
M0D0OXamTS0,Autokaran ğŸ›º V/s Rabido love â¤ï¸ğŸ¤£ğŸ˜‚ğŸ˜… just for fun #tamil #india #trending #comedy#funny #autokaaran,2023-04-27T11:48:24Z,751929,81522,203
OLzq7n-YxPg,Tag the legendsğŸ˜‚ğŸ¤£wait for TwistğŸ˜‚ğŸ˜…ğŸ”¥ Just for fun ğŸ¥³ #autokaaran #driver #india #tamil #trending,2023-04-26T11:45:00Z,2101516,107940,460
SXldRUA0-60,Tag your fradu friendğŸ¤£ğŸ˜‚ just for funğŸ˜…full video on 1st commentğŸ”¥ #tamil #india #trending #comedy,2023-04-25T11:55:32Z,305777,35466,98
oGH0N8qj7Yc,Tag your friends ğŸ˜‚ğŸ¤£ Twist irukku ğŸ˜‚ğŸ¤£ğŸ”¥ Just funğŸ¥³ #tamil #india#trending#comedy #funny#autokaaran,2023-04-24T11:49:04Z,921719,100959,121
q73iW6gGESw,Enna oru putthisali thanam ğŸ¤£ğŸ˜‚ just for fun ğŸ¤£ğŸ”¥ #tamil #india #trending #comedy #funny #autokaaran,2023-04-24T04:49:13Z,360272,41555,100
tWBzjnZcn-c,Twist irukkuğŸ¤£ğŸ˜‚ EndğŸ”¥ GPS link on first comment ğŸ”¥ğŸ’¯ #tamil #india #trending #comedy #autokaaran,2023-04-23T11:42:32Z,492694,44708,100
2XlKgMroh5o,Rabin Mustafa ğŸ¤£ğŸ˜‚ Adeei ğŸ¤£ğŸ˜‚ full video link on first comment ğŸ¥³ğŸ”¥ #tamil #india #trending #comedy,2023-04-23T03:48:38Z,136673,13057,27
v08406fNMm8,ğŸ›ºà®†à®Ÿà¯à®Ÿà¯‹à®µà¯à®•à¯à®•à¯à®³à¯ IPLğŸ || RJ BALAJI _à®¯à¯à®®à¯ - à®šà®°à®¤à¯à®•à¯à®®à®¾à®°à¯à®®à¯ ğŸ¤£ğŸ˜‚ || à®µà¯†à®±à¯à®±à®¿à®¯à®¾à®³à®°à¯ à®¯à®¾à®°à¯?|| à®¤à®°à¯à®•à¯à®°à®¿à®šà®£à¯à®Ÿà¯ˆğŸ¤£ğŸ˜‚,2023-04-22T11:45:04Z,530848,25407,827
qMnPQTYbM6c,Enna oru puttisali thanam ğŸ˜‚ğŸ¤£ twist irukku ğŸ’¯ğŸ¤£ğŸ˜‚ #tamil #trending #india #comedy #funny,2023-04-21T11:40:36Z,2049080,193920,547
6VN4Tn6Gza0,Love you allğŸ”¥â€¦. #tamil #trending #india #comedy #funny #autokaaran #autokaaran18,2023-04-20T12:12:27Z,292520,47554,503
rgqRAYOl_gQ,Tag the trending mandiyan ğŸ˜‚ğŸ¤£ Twist irukkuğŸ’¯ğŸ˜‚ğŸ¤£ just for fun ğŸ¥° #tamil #trending #india #comedy,2023-04-19T11:51:56Z,1640488,175725,350
kOZkY3rakls,Full ah parungağŸ˜‚KARMAğŸ¤£ just for funğŸ¥³ full video first comment ğŸ¥³ğŸ”¥#tamil #trending #india #comedy,2023-04-19T04:25:49Z,265019,33676,88
MIncm0r9sug,Yaru da neeğŸ˜‚ğŸ˜… Twist irukkuğŸ’¯ğŸ˜‚ğŸ¤£ #tamil #trending #india #comedy #funny,2023-04-18T11:51:39Z,1162532,109863,199
qW7yQSDrDPQ,Twist irukku ğŸ¤£ğŸ˜‚ğŸ˜… full video link on first comment ğŸ¥³ğŸ”¥just for funğŸ˜…ğŸ¥° #tamil #india #trending,2023-04-17T12:15:39Z,143273,17761,48
n1meBPEo_sY,Tag your mokka joke friends ğŸ¤£ğŸ˜‚ğŸ˜… just for funğŸ¥³ğŸ¥°mustğŸ§ #tamil #india #trending #comedy #funny,2023-04-17T04:18:11Z,396299,41000,97
GmWisenH_0M,Puruchavan pista ğŸ¤£ğŸ˜‚ğŸ’¯ just for funğŸ¥³ğŸ¤£ğŸ˜‚ #tamil #india #trending #comedy,2023-04-16T12:11:00Z,1335688,130681,422
I0-oecXuplw,Madura veeran full version vanthuruchu ğŸ¥³ğŸ˜…ğŸ˜‚ first comment la irukkuğŸ¥³ğŸ¥° #tamil #india #trending,2023-04-16T03:58:06Z,358719,44941,129
e_wCQYFcKuo,Madura Veeran Full version ğŸ”¥ğŸ¤£ || à®•à®¤à®°à®¿à®¯ à®®à®¤à¯à®°à¯ˆ à®µà¯€à®°à®©à¯ğŸ¤£ğŸ˜‚ || FUN OVER LOADğŸ˜‚ğŸ¤£ğŸ˜‚ ||Aï¿¼uto KaaranğŸ”¥,2023-04-15T11:45:02Z,806224,35092,475
70jRhMR9GRc,Tag The cricket veriyanğŸ˜…ğŸ¤£ğŸ˜‚ ethavthu pesanumnu pesurathu ğŸ˜…ğŸ¤£ just fuï¿¼n ğŸ¥³ #india #tamil #trending,2023-04-14T11:45:56Z,243002,30537,72
uYpBC_uuIxk,Twist irukkuğŸ¤£ğŸ˜‚ğŸ˜… just for fun ğŸ¥³ğŸ¥°ğŸ˜‚ #india #tamil #trending #comedy #funny,2023-04-13T11:49:14Z,651782,73452,124
bPiW7fTdRfQ,Ennada ipdi kelambittinga ğŸ˜‘ Twist irukkuğŸ˜…ğŸ˜‚ğŸ¤£ just for funğŸ¥³ğŸ¥° #autokaaran #india #tamil #trending,2023-04-11T11:50:45Z,1890723,179062,381
lhP5obSB7eo,Tag your cutting potha friendğŸ¤£ğŸ˜‚ğŸ˜… just for fun ğŸ¤£ğŸ˜‚ğŸ¥³ #india #tamil #trending #comedy,2023-04-11T04:00:08Z,167694,15832,57
jbgE_qtHGSQ,Tag your captionğŸ¤£ğŸ˜‚ğŸ˜… Twist irukkuğŸ¤£ğŸ’¯just  for funğŸ¥³ğŸ¥³ #india #tamil #trending #comedy,2023-04-10T11:46:08Z,1223385,123904,199
8Mg6TH2c7yg,Twist irukkuğŸ˜…ğŸ¤£ğŸ˜‚ full video on first comment ğŸ”¥ğŸ¥³ just for fun ğŸ¥³ #india #tamil #trending #comedy,2023-04-10T04:28:41Z,331609,34234,75
VmBn614eyG0,Presavatthukku ilavasamnu sonnathu oru kutthama dağŸ˜‘ğŸ¤£ğŸ˜…ğŸ˜‚ Twist irukkuğŸ’¯ğŸ¤£ #tamil #india #trending,2023-04-09T11:47:38Z,1482056,155878,341
nPEYV7pT-kQ,Fun irukkuğŸ¤£ğŸ˜‚ğŸ˜… full video link first comment ğŸ”¥ğŸ¥³ #tamil #india #trending #comedy #funny,2023-04-09T06:50:36Z,286095,26067,48
VcDP2xmmCQI,Enga irunthu da varinga deiğŸ˜…ğŸ˜‚ just for funğŸ˜…ğŸ¥³ğŸ¥° #tamil #india #trending #comedy #funny,2023-04-08T11:59:55Z,1385561,139283,373
3tp9O6SrnDM,"Kudikaran V\S Auto kaaran ğŸ›º || fun overloadğŸ˜‚ğŸ¤£ || OUR, First videoğŸ¥³ || Fun irukkuğŸ’¯ğŸ¥³ğŸ¥°ğŸ˜‚",2023-04-08T11:45:00Z,610218,27492,643
cAYJUP6Fgd4,Tag your nicekutthu friendğŸ˜‚ğŸ¤£ğŸ˜‚ Twist irukkuğŸ’¯ğŸ˜… just for fun ğŸ¥³ #tamil #india #comedy #trending,2023-04-07T11:40:51Z,427465,50735,158
NrGTMLJD1pM,Mutthiyya mamağŸ¥¹ğŸ˜­ğŸ˜­ RIPğŸ˜­ just for funğŸ˜…ğŸ˜‚ğŸ¥³ğŸ¥° #tamil #india #comedy #trending,2023-04-06T11:41:44Z,856630,87368,263
8G7JvykYmN8,Vera enna nu da kopdrathu ğŸ˜‚ğŸ¤£ deiğŸ¤£ğŸ˜… just for fun ğŸ¥³ğŸ¥°ğŸ˜‚ #comedy #tamil #india #funny #trending,2023-04-05T11:46:55Z,2532905,241479,352
YLnmscCRF6s,Twis irukkuğŸ’¯ğŸ˜…ğŸ˜‚ğŸ¤£ â€¦trending sothanai ğŸ¥³ğŸ¤£ just for fun ğŸ¥³ğŸ¥³ #comedy #tamil #india #trending,2023-04-04T11:47:50Z,1225074,131574,260
ETaBOKMhdNA,Auto vlog ğŸ˜…ğŸ˜‚ğŸ¤£ humanity gonna wrong wayğŸ˜…ğŸ¤£ just for funğŸ¥³ #comedy #tamil #india #trending #funny,2023-04-02T11:58:54Z,496578,70259,149
rKWag8u5GIw,à®‡à®°à¯à®®à¯à®ªà¯ˆ à®¤à®¾à®£à¯à®Ÿà®¿à®¯ à®‰à®Ÿà®²à¯à®®à¯ à®¨à¯€à®¯à¯‡!à®à®©à¯à®©à¯ˆ à®¤à®¾à®™à¯à®•à®¿ à®¨à®¿à®±à¯à®•à¯à®•à¯à®®à¯ à®‰à®¯à®¿à®°à¯à®®à¯ niiyeeâ¤ï¸ #comedy#tamil #india #trending,2023-04-01T11:46:05Z,186057,25606,208
nfqMQkr5SGo,Madura veeran part -3 ğŸ˜‚ğŸ¤£ğŸ˜… Yaru da neğŸ˜…ğŸ¤£ğŸ¤£ğŸ˜‚ #comedy #tamil #india #trending,2023-03-31T11:35:08Z,1075799,103203,235
hzp7l3aQ9Qg,Tag your rider friend ğŸ˜‚ğŸ¤£ğŸ˜‚ just for fun ğŸ˜…ğŸ¥³ğŸ¥° #comedy #tamil #india #trending,2023-03-30T12:03:40Z,110408,11469,33
oYq3RbUuFUU,Tag your best friend ğŸ¤£ğŸ˜…ğŸ˜‚ just for fun ğŸ¥³ğŸ¥°ğŸ¤£ğŸ˜‚ #comedy #tamil #trending #india #funny,2023-03-29T11:38:19Z,414256,47374,181
LdLJJAfNHNI,Tag your friendğŸ˜‚ğŸ¤£ğŸ˜‚ just for fun ğŸ˜…ğŸ¥³ğŸ¤£ #comedy #tamil #funnyshorts #trending #india,2023-03-28T11:39:44Z,409690,48052,91
1voaYrr7lbQ,"Enna da ipdi kelambittinga ğŸ˜…ğŸ˜¤ğŸ˜‘ ., just for funğŸ¥³ğŸ˜…ğŸ¤£ğŸ˜‚ #comedy #tamil #funny #trending #india",2023-03-26T11:38:23Z,506203,63581,185
iifuGJv6aQk,Kaduppetthurar my lordï¿¼ğŸ˜…ğŸ˜‚ğŸ¤£ğŸ”¥ #comedy #tamil #funny #trending #india,2023-03-25T11:39:34Z,939737,98346,324
hpm9WV6VWGA,Wasted ğŸ˜‚ğŸ˜… just for fun #comedy #tamil #trending #india,2023-03-24T11:39:46Z,1577976,132304,208
O16cb6ZwcvI,"Finally, Ladakh ride with autoğŸ›ºğŸ¥³ğŸ”¥ Twis irukkuğŸ˜…ğŸ¤£ğŸ˜… #comedy #tamil #funny #trending #india",2023-03-23T11:40:10Z,2513170,209471,539
Sb-HxISt-cg,Tag your true friendï¿¼ğŸ˜‚ğŸ¤£ğŸ˜… #comedy #tamil #trending #india,2023-03-22T11:36:10Z,414444,51864,183
wQcJt-_2ywM,Enga da irunthu varinga dei ğŸ¤£ğŸ˜…ğŸ¥³ just for funğŸ¥³ #tamil #comedy #india #trending,2023-03-21T11:35:17Z,616893,53268,129
khLt8SAZ_ks,Payangaramana app ah irukkaiyaa ğŸ”¥ğŸ¥³ # #tamil #comedy #india #trending #gainr #gainrindia,2023-03-20T11:46:07Z,455304,45283,85
P4jDHKbZIsU,Twist irukku ğŸ¤£ğŸ˜…ğŸ˜‚ apo ne owner illiya ğŸ˜‚ğŸ¤£ #tamil #comedy #india #trending,2023-03-19T11:52:07Z,2346019,221051,490
IOFXSR9t-qg,"100K celebrationğŸ¥³ğŸ¥³ in ,Madurai Smoke hub Barbeque (kaalavasï¿¼al) ğŸ”¥ğŸ¥³",2023-03-18T11:36:34Z,276369,22164,145
4KTKHjsm-h0,Trendig humanity ğŸ˜…ğŸ¤£ . Just for funğŸ˜…ğŸ¤£ğŸ˜‚ #tamil #comedy #india #trending,2023-03-17T11:39:30Z,1146544,98500,618
bs0ijN62VTg,Na pattukka sevaney nu oru ooramathanada ukkanthu irunthe ğŸ˜‚ğŸ¤£.. #tamil #comedy #india #trending,2023-03-16T11:37:23Z,1428316,139414,184
HukpVmKI5Kg,Address kettathu Kuttiama da ğŸ˜‚ğŸ¤£ #tamil #comedy #india #trending,2023-03-15T11:47:11Z,741763,73029,279
jXQTjLosoh4,Kettathu oru kutthama dağŸ˜‚â€¦ (script)just for fun âœŒï¸ğŸ¥³ğŸ˜…ğŸ˜‚ #tamil #comedy #india #trending,2023-03-14T11:32:16Z,1767672,160653,538
_JyJVRyir4U,Unga yarukkavthu intha anubavam irukka?ğŸ˜…ğŸ˜‚ comment pannunga ğŸ˜‚ğŸ¤£ #tamil #comedy #india #trending,2023-03-13T11:46:09Z,372872,35678,95
buYP7wAcmcQ,Dei yaar da neeğŸ¤£â€¦. #tamil #comedy #india #trending,2023-03-12T11:44:34Z,1409693,134159,161
XqhoBup5JVA,Yar da neengallam ğŸ˜… Enga irunthu da vaaringağŸ˜‚ğŸ¤£just for fun ğŸ˜‰ğŸ’ªğŸ»ğŸ¥³#tamil#comedy #india#trending,2023-03-11T11:40:51Z,1338716,134748,257
spYJYGUhIjk,100k celebration ğŸ”¥ twist irukkuğŸ˜‚ğŸ¤£ğŸ’ªğŸ»ğŸ˜…â€¦. #tamil #comedy #india #trending,2023-03-10T12:03:53Z,419959,57858,176
40m-2KmEjYI,Enna pa pomağŸ¤.. More destinations available in the package9744921784â€“70340078888075785060 whatsapp,2023-03-09T11:45:42Z,124717,0,29
PEeZeXU6ckM,Un kitta poi kettan paru ğŸ˜•â€¦just for fun ğŸ˜…ğŸ”¥ğŸ˜‚ğŸ¥° #tamil  #india  #trending #shorts,2023-03-07T11:45:36Z,8893558,0,1104
L4l_-4VnNzk,Please understand kudimagansğŸ˜…â€¦.just for funğŸ’¯ğŸ¥°ğŸ¤£ğŸ˜‚ #tamil #comedy #india #trending ï¿¼,2023-03-06T11:42:08Z,1183017,0,188
q3j5VkTP4kE,Auto kaaran ğŸ”¥ğŸ’ªğŸ»ğŸ¤ #tamil #trending #india #shorts,2023-03-05T11:40:49Z,256089,0,590
FtqrRZizkUg,Tag your true friendğŸ˜‚ğŸ¤£ avanpattukka poiruppan ğŸ˜‚ğŸ”¥ğŸ¤£ #trending #comedy,2023-03-04T11:41:28Z,5417543,0,508
Cj5re2yd0mw,Media be like ğŸ˜‚ğŸ”¥â€¦. Just for fun ğŸ”¥ğŸ¥°ğŸ˜…ğŸ˜‚,2023-03-03T11:52:52Z,2162185,0,471
yJau8h8Rjso,Wait until end ğŸ’¯ğŸ˜‚ğŸ˜‚ğŸ”¥ğŸ¤£ â€¦. The boyâ€™s ğŸ¤£ğŸ”¥,2023-03-02T11:50:00Z,845825,0,249
ggrvZEP0jnE,Thelpathri shingğŸ¤©ğŸ¤£ğŸ”¥,2023-03-01T12:04:55Z,2539416,0,377
6I1LttE7z_w,ğŸ˜‚Bloopers ğŸ˜‚ full video on our channel ğŸ¤£ğŸ”¥,2023-02-28T15:04:24Z,309533,0,135
7PB3nYjyvng,150rubaiğŸ˜‚ğŸ”¥ thandupatthu ğŸ˜…ğŸ˜‚,2023-02-27T11:42:19Z,1242460,0,382
YAGQY4RAfAM,Madura veeran ğŸ˜…_part-2ğŸ”¥ğŸ¤£ #trending #tamil #tamilcomedy #shorts #funny #india #youtubeshorts#tn65,2023-02-26T10:53:54Z,1493133,0,262
kAddQCl-U0c,"Athu 6 illa da , highway road uhğŸ˜‚ #trending #tamil #comedy #thuglife #motovlog #funny #india #auto",2023-02-24T11:43:34Z,85430,0,44
G1WJSonMY4g,Twist irukkuğŸ˜ğŸ˜…ğŸ˜‚ğŸ˜‚ watch fully ğŸ¥³ğŸ˜‚â€¦ #trending #tamil #tamilcomedy #comedy #funny #shorts #india,2023-02-22T11:55:00Z,86119,0,25
ZFt1H7OfBtM,IAM a riderğŸ˜ğŸ”¥ #tamil #auto #thuglife #comedy #friends #motovlog #funny#india #autokaaran #trending,2023-02-20T14:33:32Z,73285,0,13
lZj1SjEzxY4,The black history ğŸ–¤ğŸ¥¹of Dhanuskodi in oneminuteğŸ¥¹ #dhanushkodi#rameswaram#blackstory#tn65#trending,2023-02-18T12:00:26Z,110029,0,126
bE5R30Aww3A,Tag the newDriverï¿¼ğŸ˜‚ğŸ˜…ğŸ¤£ #tamil #auto #thuglife #comedy #friends #motovlog #funny #india #autokaaran,2023-02-16T11:55:00Z,204644,0,81
HE9S3cF5VRo,Antha manasu than sir kadavul ğŸ”¥ğŸ’¯ğŸ¥°â€¦. #tamilnadu #govermentschool  #auto #humanity #india #tamil,2023-02-14T11:55:00Z,4740400,0,2292
HFhmKt-KGd4,Tag the rider ğŸ¤£ğŸ”¥ #tamil #auto #thuglife #comedy #friends #motovlog #funny #india #autokaaran #fun,2023-02-12T14:35:05Z,349843,0,98
QTZBmGdvHsQ,Irukkumo ğŸ¤” oruvela irukkumo ğŸ’¯ğŸ¤” â€¦ #tamil #auto #thuglife #comedy #friends #motovlog #funny #india,2023-02-11T12:29:35Z,3478451,0,466
zyULq_Ne3cU,Auto kaaran ğŸ”¥ğŸ¥³  #tamil #auto #autokaaran #india #tn65 #rameswaram #dhanushkodi #getthu #motovlog,2023-02-09T14:20:00Z,49930,0,19
CKCvFZswrzw,à®¤à®®à®¿à®´à®©à¯ ğŸ”¥ğŸ¥³ #tamil #auto #tamilnadu #india #shorts #friends #up #hindi #tn #annamalai #tnbjp #tamil,2023-02-08T11:30:04Z,59301,5628,21
QG0RTGsqCvs,Ilutthaduchan patti ğŸ¤£ bloopers ğŸ˜‚ vadakanaga mariya pavinğŸ”¥ğŸ˜… #tamil #thuglife #bloopers #comedy,2023-02-06T12:54:54Z,67714,7383,0
PLthjzyQKls,Just for funğŸ¤© #tamil #thuglife #auto #comedy #shorts #friends #funny #motovlog #tamilcomedy #yt,2023-02-03T11:36:06Z,460126,56390,181
nPZrjshgjkI,Paduchu muduchu auto ootturen ğŸ”¥,2023-02-02T10:56:01Z,63233,7742,86
8ExRD4yNuRM,Wait until endğŸ˜ğŸ¤£ tag your friends ğŸ”¥ğŸ˜…â€¦.. #tamil #thuglife #auto #comedy #shorts #friends #funny,2023-02-01T10:31:20Z,251992,23735,91
dhlKKI6vqhU,Yaru da nengallam ğŸ¤£ Enga irunthu da vaaringa ğŸ”¥ğŸ˜… #tamil #thuglife #auto #comedy #motovlog #shorts,2023-01-30T11:47:52Z,334922,33991,82
nsHwT2bjPco,Make a seenğŸ˜ğŸ˜‚ğŸ”¥ #tamil #thuglife #auto #comedy #friends #motovlog #shorts #funny #makeaseen,2023-01-29T05:45:15Z,487095,35911,35
pAnmAzFGTXk,Tag your friends ğŸ¤£ğŸ˜‚ â€¦. #thuglife #auto #comedy #friends #motovlog #shorts #tamil #funny #tamil,2023-01-24T17:08:52Z,76651,7128,17
FmzdFIFOlZQ,Cmnt karo ğŸ˜…ğŸ¤£â€¦. #thuglife #auto #comedy #friends #motovlog #tamil #1stvideo #funny #shorts #shorts,2023-01-22T10:56:50Z,87275,7757,49
aACC1eZeMP4,The friendship ğŸ˜…ğŸ˜‚ğŸ”¥ #auto #comedy #friends #motovlog #tamil #thuglife #funny #thuglife #shorts,2023-01-19T12:22:47Z,409550,44933,94
N-I83NNtqEs,Tag your friends ğŸ˜‚â€¦..#thuglife #tamil #comedy #friends #auto #motovlog #1stvideo,2023-01-17T13:28:21Z,190443,20269,70
